code	producer_product_id	lc	product_name_de	product_name_en	product_name_es	product_name_fr	product_name_nl	product_name_pl	product_name_pt	generic_name_en	generic_name_es	generic_name_fr	generic_name_nl	generic_name_pt	quantity	serving_size	packaging	packaging_tags	brands	brands_tags	categories	categories_tags	labels	labels_tags	countries	countries_tags	stores	stores_tags	obsolete	obsolete_since_date	origins	origins_tags	origin_en	origin_es	origin_fr	origin_nl	manufacturing_places	manufacturing_places_tags	producer_es	producer_fr	producer_nl	emb_codes	emb_codes_tags	ingredients_text_de	ingredients_text_en	ingredients_text_es	ingredients_text_fr	ingredients_text_nl	ingredients_text_pt	allergens	allergens_tags	traces	traces_tags	no_nutrition_data	nutrition_data_per	nutrition_data_prepared_per	energy-kj_value	energy-kj_unit	energy-kcal_value	energy-kcal_unit	fat_value	fat_unit	saturated-fat_value	saturated-fat_unit	carbohydrates_value	carbohydrates_unit	sugars_value	sugars_unit	fiber_value	fiber_unit	proteins_value	proteins_unit	salt_value	salt_unit	sodium_value	sodium_unit	alcohol_value	alcohol_unit	energy_value	energy_unit	vitamin-e_value	vitamin-e_unit	vitamin-c_value	vitamin-c_unit	vitamin-b1_value	vitamin-b1_unit	vitamin-b2_value	vitamin-b2_unit	vitamin-pp_value	vitamin-pp_unit	vitamin-b6_value	vitamin-b6_unit	vitamin-b9_value	vitamin-b9_unit	potassium_value	potassium_unit	calcium_value	calcium_unit	manganese_value	manganese_unit	fruits-vegetables-nuts_value	fruits-vegetables-nuts_unit	fruits-vegetables-nuts-dried_value	fruits-vegetables-nuts-dried_unit	fruits-vegetables-nuts-estimate_value	fruits-vegetables-nuts-estimate_unit	packaging_1_number_of_units	packaging_1_shape	packaging_1_material	packaging_1_recycling	packaging_1_quantity_per_unit	packaging_1_weight_measured	packaging_2_number_of_units	packaging_2_shape	packaging_2_material	packaging_2_recycling	packaging_2_weight_measured	conservation_conditions_es	conservation_conditions_fr	conservation_conditions_nl	warning_es	warning_fr	warning_nl	preparation_es	preparation_fr	preparation_nl	nutriscore_score_producer	nutriscore_grade_producer	customer_service_es	customer_service_fr	customer_service_nl	link	off:food_groups	off:food_groups_tags	off:nova_groups	off:nova_groups_tags	off:nutriscore_grade	off:nutriscore_score	off:ecoscore_grade	off:ecoscore_score	off:ecoscore_data.missing_key_data	off:ecoscore_data.agribalyse.code	off:ecoscore_data.adjustments.origins_of_ingredients.value	off:ecoscore_data.adjustments.packaging.value	off:ecoscore_data.adjustments.packaging.non_recyclable_and_non_biodegradable_materials	off:ecoscore_data.adjustments.production_system.value	data_sources
8480000706362		es			Smoothie Mango						Zumo de frutas con puré de mango						en:Bottle or vial, Botella	en:bottle-or-vial,en:bottle	Hacendado	hacendado	Alimentos y bebidas de origen vegetal, Bebidas, Bebidas de origen vegetal, Smoothies	en:plant-based-foods-and-beverages,en:beverages,en:plant-based-beverages,en:smoothies			España	en:spain	Mercadona	mercadona	0		Países Bajos	en:netherlands														Zumo de manzana (50%), puré de mango (28%), zumo de naranja (22%) y antioxidante: ácido ascórbico.									100g	100g	222	kJ	53	kcal	0.1	g			12.5	g			0.5	g	0.4	g							222	kJ																																																					en:unsweetened-beverages	en:beverages,en:unsweetened-beverages	1	en:1-unprocessed-or-minimally-processed-foods	unknown		c	47	1	2500	3	-15	1	0	App - smoothie-openfoodfacts, Apps, App - El CoCo, App - macrofactor
8480000399809		es		Smoothie fresa	Smoothie fresa														Hacendado	hacendado	Alimentos y bebidas de origen vegetal, Bebidas, Bebidas de origen vegetal, Bebidas a base de frutas, Zumos y néctares, Zumos de frutas, Zumos multifruta, Smoothies	en:plant-based-foods-and-beverages,en:beverages,en:plant-based-beverages,en:fruit-based-beverages,en:juices-and-nectars,en:fruit-juices,en:multifruit-juices,en:smoothies			España	en:spain	Mercadona,Hacendado	mercadona,hacendado	0																strawberry puree (44%), apple juice (40%) and banana puree (16%), antioxidant: ascorbic acid,	Puré de fresa (44%), zumo de manzana (40%) y puré de plátano (16%), antioxidante: ácido ascórbico,									100g	100g			46	kcal	0.1	g	0	g	10.5	g	9.4	g	0.8	g	0.6	g	0.01	g	0.004	g			46	kcal																																																					en:unsweetened-beverages	en:beverages,en:unsweetened-beverages	1	en:1-unprocessed-or-minimally-processed-foods	c	4	d	39	1	2500	-5	-15	1	0	App - elcoco, App - yuka, Apps, App - El CoCo, App - smoothie-openfoodfacts, App - InFood
8410261768175		en		Strawberry Raspberry Blackberry Banana Smoothie	Smoothie	Smoothie				A blend of juices and purees					330 ml				Don Simón	don-simon	Plant-based foods and beverages, Beverages, Plant-based beverages, Fruit-based beverages, Juices and nectars, Fruit juices, Multifruit juices, Smoothies	en:plant-based-foods-and-beverages,en:beverages,en:plant-based-beverages,en:fruit-based-beverages,en:juices-and-nectars,en:fruit-juices,en:multifruit-juices,en:smoothies	No added sugar	en:no-added-sugar	France, Spain, United Kingdom	en:france,en:spain,en:united-kingdom	Tesco	tesco	0																Apple Juice 39%, Banana Puree 20%, Grape Juice 10%, Strawberry Puree 9%, Blackberry Puree 8%, Raspberry Puree 7%, Orange 5%, Blackcurrant Puree 2%					Orange	en:orange				100g	100g	242	kJ	57	kcal	0	g	0	g	12.6	g	12.6	g	1.6	g	0.6	g	0.01	g	0.004	g			242	kJ																											1	en:bottle	en:recyclable-plastic	en:recycle-with-plastics			1	en:bottle-cap	en:recyclable-plastic	en:recycle-with-plastics																	en:unsweetened-beverages	en:beverages,en:unsweetened-beverages	1	en:1-unprocessed-or-minimally-processed-foods	d	7	c	43		2500	-5	-11	1	0	App - yuka, Apps, app-elcoco, App - smoothie-openfoodfacts
8410175078193		et			Corny														Corny	corny	en:Beverages and beverages preparations, en:Plant-based foods and beverages, en:Beverages, en:Plant-based beverages, en:Smoothies	en:beverages-and-beverages-preparations,en:plant-based-foods-and-beverages,en:beverages,en:plant-based-beverages,en:smoothies			Hispaania	en:spain	Selver	selver	0																										100g	100g			4	kcal	0.6	g	0.2	g	15	g	11	g	24	g	1	g	0	g	0	g			4	kcal																																																								unknown	c	4	d	39	1	2500	-5	-15	1	0	App - yuka, Apps, App - smoothie-openfoodfacts
8410175078179		et			Smoothie Banana Rasberry Blueberry & Oats														Corny	corny	en:Beverages and beverages preparations, en:Plant-based foods and beverages, en:Beverages, en:Plant-based beverages, en:Smoothies	en:beverages-and-beverages-preparations,en:plant-based-foods-and-beverages,en:beverages,en:plant-based-beverages,en:smoothies	No added sugar	en:no-added-sugar	Hispaania	en:spain			0																										100g	100g			87	kcal	0.6	g	0.1	g	17	g	10	g	3.7	g	1.5	g	0	g	0	g			87	kcal																																																								unknown	e	14	d	39	1	2500	-5	-15	1	0	App - yuka, Apps, App - smoothie-openfoodfacts
20884161		es	Smoothie mix rot		Smoothie mix fresas, plátano y arándanos						Mezcla de frutas con fresas, plátano y arándanos. Producto ultracongelado.				450 g (3 x 150g)	150 g	Plástico, Bolsa, Congelado	en:plastic,en:bag,en:frozen	Lidl	lidl	Bebidas y preparaciones de bebidas, Alimentos y bebidas de origen vegetal, Bebidas, Alimentos de origen vegetal, Frutas y verduras y sus productos, Congelados, Frutas y sus productos, Bebidas de origen vegetal, Alimentos de origen vegetal congelados, Frutas, Frutas congeladas, Mezclas de frutas congeladas, Smoothies	en:beverages-and-beverages-preparations,en:plant-based-foods-and-beverages,en:beverages,en:plant-based-foods,en:fruits-and-vegetables-based-foods,en:frozen-foods,en:fruits-based-foods,en:plant-based-beverages,en:frozen-plant-based-foods,en:fruits,en:frozen-fruits,en:frozen-mixed-fruits,en:smoothies	Punto Verde, Hecho en Alemania	en:green-dot,en:made-in-germany	Francia, Alemania, España	en:france,en:germany,en:spain	Lidl	lidl	0								Alemania	alemania								55% fresas, 30% plátano, 15% arándanos.									100g	100g			55	kcal	0.4	g	0.1	g	9.9	g	9.3	g	2.39	g	1	g	0.025	g	0.01	g			55	kcal																												en:bag	en:plastic																								en:fruits	en:fruits-and-vegetables,en:fruits	1	en:1-unprocessed-or-minimally-processed-foods	c	3	c	44		2500	-5	-10	1	0	App - yuka, Apps, App - Speisekammer
8410261768168		en		Mango Passionfruit Orange - Smoothie	Smoothie					Smoothie: a blend of juices and purées	Mezcla de purés y zumos de frutas				330 ml	330 ml	Green sot	en:green-sot	Don Simón	don-simon	Plant-based foods and beverages, Beverages, Plant-based beverages, Fruit-based beverages, Juices and nectars, Fruit juices, Smoothies, Fruit smoothies	en:plant-based-foods-and-beverages,en:beverages,en:plant-based-beverages,en:fruit-based-beverages,en:juices-and-nectars,en:fruit-juices,en:smoothies,en:fruit-smoothies			Poland, Spain, United Kingdom	en:poland,en:spain,en:united-kingdom	Consum,Tesco	consum,tesco	0								Madrid	madrid							Apple Juice 52%, Mango Puree 16%, Banana Puree 15%, Orange Juice 10%, Passion Fruit Juice 4%, Peach Puree 2%, Lemon Juice	Zumo de manzana 52%, puré de mango 16%, puré de plátano 15%, zumo de naranja 10%, zumo de maracuyá 4%, puré de melocotón 2%, zumo de limón.									100g	100g	229	kJ	54	kcal	0	g	0	g	12.4	g	12.4	g	1	g	0.6	g	0.01	g	0.004	g			229	kJ																																																					en:unsweetened-beverages	en:beverages,en:unsweetened-beverages	1	en:1-unprocessed-or-minimally-processed-foods	d	6	d	39	1	2500	-5	-15	1	0	App - elcoco, Apps, App - yuka, App - El CoCo, App - Open Food Facts
8410171011095		en			Smoothie fresa+platano +frambuesa														Summum	summum	Plant-based foods and beverages, Beverages, Plant-based beverages, Smoothies, Fruit smoothies	en:plant-based-foods-and-beverages,en:beverages,en:plant-based-beverages,en:smoothies,en:fruit-smoothies			Spain	en:spain			0																sumum Smoothie de fruta Frambuesa Fresa Plátano Envase 100% Reciclable	puré de frutas ( frambuesa , fresa plátano arándando azul) 52% , zumo de frutas (mañana y naranja) 48%,									100g	100g	188	kJ	44	kcal	0.2	g	0	g	9.7	g	9.3	g	0.8	g	0.6	g	0	g	0	g			188	kJ																																																					en:unsweetened-beverages	en:beverages,en:unsweetened-beverages		unknown	e	14	d	39	1	2500	-5	-15	1	0	App - yuka, Apps, App - smoothie-openfoodfacts
8433329129848		es			Smoothie														El Corte Inglés	el-corte-ingles	Alimentos y bebidas de origen vegetal, Bebidas, Bebidas de origen vegetal, Smoothies	en:plant-based-foods-and-beverages,en:beverages,en:plant-based-beverages,en:smoothies			España	en:spain	El Corte Inglés	el-corte-ingles	0																										100g	100g			51	kcal	0.5	g	0	g	11	g	11	g	0.8	g	0.5	g	0	g	0	g			51	kcal																																																								unknown	e	16	d	39	1	2500	-5	-15	1	0	App - yuka, Apps
8433329108751		es			Smoothie manzana, kiwi, piña														El Corte Inglés	el-corte-ingles	Alimentos y bebidas de origen vegetal, Bebidas, Bebidas de origen vegetal, Bebidas a base de frutas, Zumos y néctares, Zumos de frutas, Smoothies	en:plant-based-foods-and-beverages,en:beverages,en:plant-based-beverages,en:fruit-based-beverages,en:juices-and-nectars,en:fruit-juices,en:smoothies			España	en:spain	El Corte Inglés	el-corte-ingles	0																										100g	100g			51	kcal	0.5	g	0	g	11	g	11	g			0.5	g	0	g	0	g			51	kcal																																																					en:fruit-juices	en:beverages,en:fruit-juices		unknown	d	6	d	39	1	2500	-5	-15	1	0	App - yuka, Apps
8433329122658		es			Smoothie de manzana y frutas del bosque														El Corte Inglés	el-corte-ingles	Alimentos y bebidas de origen vegetal, Bebidas, Bebidas de origen vegetal, Bebidas a base de frutas, Zumos y néctares, Zumos de frutas, Smoothies	en:plant-based-foods-and-beverages,en:beverages,en:plant-based-beverages,en:fruit-based-beverages,en:juices-and-nectars,en:fruit-juices,en:smoothies	Punto Verde	en:green-dot	España	en:spain	El Corte Inglés	el-corte-ingles	0																										100g	100g			45	kcal	0.5	g	0	g	9.8999996185303	g	9.6000003814697	g			0.5	g	0	g	0	g			45	kcal																																																					en:fruit-juices	en:beverages,en:fruit-juices		unknown	c	4	d	39	1	2500	-5	-15	1	0	App - yuka, Apps
8433329108768		es			Smoothie manzana, piña, mango y maracuyá														El Corte Inglés	el-corte-ingles	Alimentos y bebidas de origen vegetal, Bebidas, Bebidas de origen vegetal, Bebidas a base de frutas, Zumos y néctares, Zumos de frutas, Zumos multifruta, Smoothies	en:plant-based-foods-and-beverages,en:beverages,en:plant-based-beverages,en:fruit-based-beverages,en:juices-and-nectars,en:fruit-juices,en:multifruit-juices,en:smoothies			España	en:spain	El Corte Inglés	el-corte-ingles	0																										100g	100g			48	kcal	0.5	g	0	g	11	g	11	g			0.5	g	0	g	0	g			48	kcal																																																					en:fruit-juices	en:beverages,en:fruit-juices		unknown	c	5	d	39	1	2500	-5	-15	1	0	App - yuka, Apps
8410261768182		es			La huerta de don Simon														Don Simon	don-simon	Alimentos y bebidas de origen vegetal, Bebidas, Bebidas de origen vegetal, Smoothies	en:plant-based-foods-and-beverages,en:beverages,en:plant-based-beverages,en:smoothies	Sin azúcares añadidos	en:no-added-sugar	Francia, España	en:france,en:spain			0																	SMOOTHIE, Mezcla de purés, zumos frutas y extracto de vegetales y frutas rolu hungenes: puré de fresa (35%), puré de plátano anuva (19%), zumo de naranja (12%), zumo de veren imo de limón y extracto de vegetales y frame ntes de servir, Consenar refrigerado, Una vez , care antes de transcurridos 4 das Consert prelt lemente antes del/ Lole Ver parte superar &quot;Contiene azúcares naturalmente presentes									100g	100g			54	kcal	0	g	0	g	12.4	g	12.4	g			0.6	g	0.01	g	0.004	g			54	kcal																																																								unknown	e	17	d	39	1	2500	-5	-15	1	0	App - elcoco, App - yuka, Apps, App - El CoCo
8480000399830		en		"SMOOTHE DRAGÓN FRUIT"	"SMOOTHE DRAGÓN FRUIT"														Hacendado	hacendado	Plant-based foods and beverages, Beverages, Plant-based beverages, Smoothies	en:plant-based-foods-and-beverages,en:beverages,en:plant-based-beverages,en:smoothies			Spain	en:spain	Mercadona	mercadona	0																zumo de manzana (59%), puré pitahaya (30%), zumo de maracu 163%), puré de plátano (5%), antio, dante ácido ascórbico,	Zumo de manzana (59%), puré pitahaya (30%), zumo de maracu 163%), puré de plátano (5%). Antio, dante ácido ascórbico.									100g	100g			51	kcal	0	g	0	g	11.9	g	9.5	g	0.5	g	0.4	g	0.01	g	0.004	g			51	kcal																							100	g																													en:unsweetened-beverages	en:beverages,en:unsweetened-beverages		unknown	c	5	d	39	1	2500	-5	-15	1	0	App - elcoco, App - yuka, Apps, App - El CoCo, App - InFood
05172269		es			Smoothie red smoothie														OKF	okf	Alimentos y bebidas de origen vegetal, Bebidas, Bebidas de origen vegetal, Smoothies	en:plant-based-foods-and-beverages,en:beverages,en:plant-based-beverages,en:smoothies	Sin OMG, Proyecto no OGM	en:no-gmos,en:non-gmo-project	España	en:spain			0																										100g	100g			50	kcal	0	g	0	g	13	g	12	g			0	g	0.15	g	0.06	g			50	kcal																																																								unknown	e	15	d	39	1	2500	-5	-15	1	0	App - Yuka, Apps
8414361103393		es			Smoothie 60% fruta - Fresa y plátano														Vita C	vita-c	Alimentos y bebidas de origen vegetal, Bebidas, Bebidas de origen vegetal, Smoothies	en:plant-based-foods-and-beverages,en:beverages,en:plant-based-beverages,en:smoothies	Sin gluten, Punto Verde	en:no-gluten,en:green-dot	España	en:spain			0																										100g	100g			87	kcal	1	g	0.8	g	18	g	17	g			1.2	g	0.13	g	0.052	g			87	kcal																																																								unknown	e	20	d	39	1	2500	-5	-15	1	0	App - yuka, Apps
8437010537509		es			BIO smoothie yellow'bel										110 g				Pom'bel	pom-bel	Alimentos y bebidas de origen vegetal, Bebidas, Bebidas de origen vegetal, Smoothies	en:plant-based-foods-and-beverages,en:beverages,en:plant-based-beverages,en:smoothies	Ecológico, Vegetariano, Sin conservantes, Vegano, Punto Verde, Sin azúcares añadidos	en:organic,en:vegetarian,en:no-preservatives,en:vegan,en:green-dot,en:no-added-sugar	España	en:spain			0																										100g	100g			51	kcal	0.1	g	0	g	11	g	10	g			1.3	g							51	kcal																																																								unknown	unknown		d	39	1	2500	-5	-15	1	0	App - yuka, Apps
5608726021078		es			Smoothie Cup														Sonatural	sonatural	Alimentos y bebidas de origen vegetal, Bebidas, Bebidas de origen vegetal, Smoothies	en:plant-based-foods-and-beverages,en:beverages,en:plant-based-beverages,en:smoothies			España	en:spain			0																										100g	100g																																																																																unknown	unknown		d	39	1	2500	-5	-15	1	0	App - yuka, Apps
8428730000589		es			Smoothie cold-pressed														Pom'bel	pom-bel	Alimentos y bebidas de origen vegetal, Bebidas, Bebidas de origen vegetal, Smoothies	en:plant-based-foods-and-beverages,en:beverages,en:plant-based-beverages,en:smoothies			España	en:spain			0																										100g	100g			51	kcal	0	g	0	g	8.7	g	8.7	g			0.1	g							51	kcal																																																								unknown	unknown		d	39	1	2500	-5	-15	1	0	App - yuka, Apps
8424058029073		es			Smoothie kiwi manzana espinaca														"Ñaming"	naming	Alimentos y bebidas de origen vegetal, Bebidas, Bebidas de origen vegetal, Smoothies	en:plant-based-foods-and-beverages,en:beverages,en:plant-based-beverages,en:smoothies			España	en:spain			0																										100g	100g			34	kcal	0.05	g	0.05	g	7.6	g	7.2	g			0.3	g	0.006	g	0.0024	g			34	kcal																																																								unknown	e	10	d	39	1	2500	-5	-15	1	0	App - yuka, Apps
5425015080376		es			Smoothie mango, apple, banana														Pure	pure	Alimentos y bebidas de origen vegetal, Bebidas, Bebidas de origen vegetal, Smoothies	en:plant-based-foods-and-beverages,en:beverages,en:plant-based-beverages,en:smoothies			España	en:spain			0																										100g	100g			61	kcal	0.5	g	0.1	g	14	g	14	g			0.5	g							61	kcal																																																								unknown	unknown		d	39	1	2500	-5	-15	1	0	App - Yuka, Apps
8710671200754		es			Smoothie 100% Fruit & Vegetable														Spar	spar	Alimentos y bebidas de origen vegetal, Bebidas, Bebidas de origen vegetal, Smoothies	en:plant-based-foods-and-beverages,en:beverages,en:plant-based-beverages,en:smoothies			España	en:spain	Spar	spar	0																										100g	100g			43	kcal	0.2	g	0	g	9.3	g	6.8	g			0.7	g							43	kcal																																																								unknown	unknown		d	39	1	2500	-5	-15	1	0	App - yuka, Apps
7862118146574		es			Smoothie														Selva Fertil	selva-fertil	Alimentos y bebidas de origen vegetal, Bebidas, Bebidas de origen vegetal, Smoothies	en:plant-based-foods-and-beverages,en:beverages,en:plant-based-beverages,en:smoothies	Kosher	en:kosher	España	en:spain			0																										100g	100g			50	kcal	0	g	0	g	12	g	8	g			0.6	g	0	g	0	g			50	kcal																																																								unknown	e	13	d	39	1	2500	-5	-15	1	0	App - yuka, Apps
7862118146635		es			Smoothie														Ametller Origen	ametller-origen	Alimentos y bebidas de origen vegetal, Bebidas, Bebidas de origen vegetal, Smoothies	en:plant-based-foods-and-beverages,en:beverages,en:plant-based-beverages,en:smoothies			España	en:spain			0																										100g	100g			56	kcal	0	g	0	g	14	g	12	g			0	g							56	kcal																																																								unknown	unknown		d	39	1	2500	-5	-15	1	0	App - yuka, Apps
7862118146611		es			Smoothie														Ametller Origen	ametller-origen	Alimentos y bebidas de origen vegetal, Bebidas, Bebidas de origen vegetal, Smoothies	en:plant-based-foods-and-beverages,en:beverages,en:plant-based-beverages,en:smoothies			España	en:spain			0																										100g	100g			48	kcal	0	g	0	g	12	g	10	g			0	g	0	g	0	g			48	kcal																																																								unknown	e	14	d	39	1	2500	-5	-15	1	0	App - yuka, Apps
8410171039426		es			SMOOTHIE Piña, Mango, Leche de Coco														Frutae	frutae	Alimentos y bebidas de origen vegetal, Bebidas, Bebidas de origen vegetal, Smoothies	en:plant-based-foods-and-beverages,en:beverages,en:plant-based-beverages,en:smoothies			España	en:spain			0																										100g	100g			53	kcal	0.9	g	0.6	g	10.4	g	10.3	g	0.4	g	0.5	g							53	kcal																																																								unknown	unknown		d	39	1	2500	-5	-15	1	0	App - Yuka, Apps
4260042082075		es			Organic Pitaya Smoothie Bowl														Fine Fruits Club	fine-fruits-club	Alimentos y bebidas de origen vegetal, Bebidas, Bebidas de origen vegetal, Smoothies	en:plant-based-foods-and-beverages,en:beverages,en:plant-based-beverages,en:smoothies			España	en:spain			0																										100g	100g			138	kcal	8.6	g	5.1	g	11.9	g	8.4	g	0	g	2.5	g	0	g	0	g			138	kcal																																																								unknown	e	21	d	39	1	2500	-5	-15	1	0	App - Yuka, Apps
8437015393384		es			Smoothie coco con té matcha														Genuine Coconut	genuine-coconut	Alimentos y bebidas de origen vegetal, Bebidas, Bebidas de origen vegetal, Smoothies	en:plant-based-foods-and-beverages,en:beverages,en:plant-based-beverages,en:smoothies			España	en:spain			0																										100g	100g			32	kcal	1.2	g	1.1	g	4.1	g	4.1	g	1.5	g	2	g	0.5	g	0.2	g			32	kcal																																																								unknown	e	10	d	39	1	2500	-5	-15	1	0	App - yuka, Apps
8410171011514		es			Smoothie tropical coco														AMC Juices	amc-juices	Alimentos y bebidas de origen vegetal, Bebidas, Bebidas de origen vegetal, Smoothies	en:plant-based-foods-and-beverages,en:beverages,en:plant-based-beverages,en:smoothies			España	en:spain			0																										100g	100g			58	kcal	1	g	0.9	g	11.2	g	11.1	g			0.5	g	0	g	0	g			58	kcal																																																								unknown	e	17	d	39	1	2500	-5	-15	1	0	App - yuka, Apps
8414354444052		es			Smoothie														Tutti Foods	tutti-foods	Alimentos y bebidas de origen vegetal, Bebidas, Bebidas de origen vegetal, Smoothies	en:plant-based-foods-and-beverages,en:beverages,en:plant-based-beverages,en:smoothies			España	en:spain			0																										100g	100g			40	kcal	0.07	g	0.03	g	9.4	g	6.4	g			2	g							40	kcal																																																								unknown	unknown		d	39	1	2500	-5	-15	1	0	App - yuka, Apps
8437017113188		es			Smoothie Naranja												en:Bottle or vial, Botella	en:bottle-or-vial,en:bottle	TapTap Foods	taptap-foods	Alimentos y bebidas de origen vegetal, Bebidas, Bebidas de origen vegetal, Smoothies	en:plant-based-foods-and-beverages,en:beverages,en:plant-based-beverages,en:smoothies			España	en:spain			0																										100g	100g			48	kcal	0.5	g	0.1	g	10	g	9.2	g	0.8	g	0.5	g	0.04	g	0.016	g			48	kcal																																																								unknown	e	14	d	39	1	2500	-5	-15	1	0	App - Yuka, Apps
5608726020897		es			açai smoothie														Sonatural	sonatural	Alimentos y bebidas de origen vegetal, Bebidas, Bebidas de origen vegetal, Smoothies	en:plant-based-foods-and-beverages,en:beverages,en:plant-based-beverages,en:smoothies			España	en:spain			0																										100g	100g			71	kcal	1	g	0.3	g	12	g	3.3	g			1	g	0	g	0	g			71	kcal																																																								unknown	e	13	d	39	1	2500	-5	-15	1	0	App - yuka, Apps
3175681277397		es			Smoothie avena con fresa y plátano														Bimanan	bimanan	Alimentos y bebidas de origen vegetal, Bebidas, Bebidas de origen vegetal, Smoothies	en:plant-based-foods-and-beverages,en:beverages,en:plant-based-beverages,en:smoothies			España	en:spain			0																										100g	100g																																																																																unknown	unknown		d	39	1	2500	-5	-15	1	0	App - yuka, Apps
4260122391622		es			Zumo de frutos rojo						Preparado de frutas y zumos de frutas				250ml				True Fruits	true-fruits	Alimentos y bebidas de origen vegetal, Bebidas, Bebidas de origen vegetal, Bebidas a base de frutas, Zumos y néctares, Zumos de frutas, Smoothies	en:plant-based-foods-and-beverages,en:beverages,en:plant-based-beverages,en:fruit-based-beverages,en:juices-and-nectars,en:fruit-juices,en:smoothies	Sin aditivos	en:no-additives	España	en:spain	Caprabo	caprabo	0																	49% zumo de manzana, 22% puré de guanánaba, 17% puré de plátano, 12% puré de pitaya rosa									100g	100g	219	kJ	53	kcal	0	g	0	g	12.4	g	10.7	g	0.7	g	0.5	g	0	g	0	g			219	kJ																																																					en:fruit-juices	en:beverages,en:fruit-juices	1	en:1-unprocessed-or-minimally-processed-foods	e	12	d	39	1	2500	-5	-15	1	0	App - yuka, Apps
0884394007971		es			Puro me smoothie														OKF	okf	Alimentos y bebidas de origen vegetal, Bebidas, Bebidas de origen vegetal, Smoothies	en:plant-based-foods-and-beverages,en:beverages,en:plant-based-beverages,en:smoothies			España	en:spain			0				Product of Korea												WATER, FRUCTOSE, RED GRAPE JUICE 5%, CANE SUGAR, _SKIM MILK POWDER_, BLUEBERRY JUICE 1%, MANGO JUICE 1%, STABILIZER(CELLULOSE GUM), FLAVORS, ACIDITY REGULATOR (CITRIC ACID, TRISODIUM CITRATE), _SOYBEAN POLYSACCHARIDE_, SALT, EMULSIFIER (SUCROSE ESTERS OF FATTY ACIDS) COLORS/_E129_, E133). _LACTOBACILLUS_, VITAMIN COMPLEX (C, E, B3, A, B6, B2, B1)					Leche, Soja, en:E129, en:LACTOBACILLUS, en:SKIM MILK POWDER, en:SOYBEAN POLYSACCHARIDE	en:milk,en:soybeans,en:e129,en:lactobacillus,en:skim-milk-powder,en:soybean-polysaccharide				100g	100g	236	kJ	54	kcal	0	g	0	g	14	g	12	g	0	g	0	g	0.14	g	0.056	g			236	kJ																																																					en:sweetened-beverages	en:beverages,en:sweetened-beverages	4	en:4-ultra-processed-food-and-drink-products	e	16	d	39	1	2500	-5	-15	1	0	App - yuka, Apps
5038862230872		es			Super Smoothie														Innocent	innocent	Alimentos y bebidas de origen vegetal, Bebidas, Bebidas de origen vegetal, Smoothies	en:plant-based-foods-and-beverages,en:beverages,en:plant-based-beverages,en:smoothies			España	en:spain			0																										100g	100g			44	kcal	0.5	g	0	g	11	g	9.9	g			0.5	g							44	kcal																																																								unknown	unknown		d	39	1	2500	-5	-15	1	0	App - yuka, Apps
4260122391615		es			Smoothie yellow														True Fruits	true-fruits	Alimentos y bebidas de origen vegetal, Bebidas, Bebidas de origen vegetal, Smoothies	en:plant-based-foods-and-beverages,en:beverages,en:plant-based-beverages,en:smoothies			España	en:spain			0																										100g	100g			64	kcal	0	g	0	g	14.6	g	13.4	g			0.9	g	0.1	g	0.04	g			64	kcal																																																								unknown	e	18	d	39	1	2500	-5	-15	1	0	App - yuka, Apps, App - El CoCo
8410171011231		es			Smoothie														Summum	summum	Alimentos y bebidas de origen vegetal, Bebidas, Bebidas de origen vegetal, Smoothies	en:plant-based-foods-and-beverages,en:beverages,en:plant-based-beverages,en:smoothies			España	en:spain			0																										100g	100g			58	kcal	1	g	0.9	g	11.2	g	11.1	g			0.5	g	0	g	0	g			58	kcal																																																								unknown	e	17	d	39	1	2500	-5	-15	1	0	App - yuka, Apps
8410171011101		es			Smoothie												"1 g mentaria 0, 2 g s cuales azúcares 11, 5 g 0.0 g 3 ferentemente antes del / Lote: te superior del envase. C Natural Drinks, 9 g 0, Espinardo (Murcia) España. FRUTA JUMO. RECICLA Al Amarillo ci RPET 100 % de PET reciclado 100 NATU, S.L. adrid-Cartagena km 383, Cuales de carbono 11"	es:1-g-mentaria-0,es:2-g-s-cuales-azucares-11,es:5-g-0-0-g-3-ferentemente-antes-del-lote-te-superior-del-envase-c-natural-drinks,es:9-g-0,es:espinardo-murcia-espana-fruta-jumo-recicla-al-amarillo-ci-rpet-100-de-pet-reciclado-100-natu,es:s-l-adrid-cartagena-km-383,es:cuales-de-carbono-11	Summum	summum	Alimentos y bebidas de origen vegetal, Bebidas, Bebidas de origen vegetal, Smoothies, Zumos	en:plant-based-foods-and-beverages,en:beverages,en:plant-based-beverages,en:smoothies,es:zumos	Punto Verde	en:green-dot	España	en:spain			0																									null	100g	100g			58	kcal	1	g	0.9	g	11.2	g	11.1	g	0.9	g	0.5	g	0	g	0	g			58	kcal																													en:rpet-recycled-polyethylene-terephthalate																											unknown	e	17	c	46		2500	-5	-8	0	0	App - elcoco, Apps, App - yuka, App - El CoCo, App - smoothie-openfoodfacts
4260122391646		es			true fruits						Preparado de frutas y zumos de frutas				250ml	250ml			True Fruits	true-fruits	Alimentos y bebidas de origen vegetal, Bebidas, Bebidas de origen vegetal, Smoothies, en:Juice	en:plant-based-foods-and-beverages,en:beverages,en:plant-based-beverages,en:smoothies,en:juice	Sin aditivos	en:no-additives	España	en:spain	Caprabo	caprabo	0																	27% zumo de piña, 25 % zumo de manzana, 23,5% zumo de naranja, 12,5 % plátano triturado, 8% manzana de cajú triturada, 3% zumo de lima, 0,5% extracto de espirulina, 0,5% menta troceada.									100g	100g	233	kJ	56	kcal	0.1	g	0	g	13	g	12	g	1	g	0.5	g	0	g	0	g			233	kJ																																																							1	en:1-unprocessed-or-minimally-processed-foods	c	5	d	39	1	2500	-5	-15	1	0	App - yuka, Apps, App - El CoCo
8437010537516		es			"Smoothie orange’bel"														pom'bel	pom-bel	Alimentos y bebidas de origen vegetal, Bebidas, Bebidas de origen vegetal, Smoothies	en:plant-based-foods-and-beverages,en:beverages,en:plant-based-beverages,en:smoothies	Sin gluten, Ecológico, Vegetariano, Ecológico UE, Sin conservantes, Vegano	en:no-gluten,en:organic,en:vegetarian,en:eu-organic,en:no-preservatives,en:vegan	España	en:spain			0																										100g	100g			60	kcal	0.2	g	0.2	g	14	g	12	g			0.5	g							60	kcal																																																								unknown	unknown		c	54	1	2500	-5	-15	1	15	App - yuka, Apps
5038862002455		es			Super Smoothie Antioxidante										750ml	150 ml	en:Bottle or vial, Botella	en:bottle-or-vial,en:bottle	Innocent	innocent	Alimentos y bebidas de origen vegetal, Bebidas, Bebidas de origen vegetal, Smoothies	en:plant-based-foods-and-beverages,en:beverages,en:plant-based-beverages,en:smoothies	Vegetariano, Vegano, Rainforest Alliance, Rainforest Alliance Bananas, Recicla-amarillo	en:vegetarian,en:vegan,en:rainforest-alliance,es:rainforest-alliance-bananas,es:recicla-amarillo	España	en:spain	Primaprix	primaprix	0		España	en:spain														Manzanas (62%), uvas blancas, plátano, mango, kiwi (6,7%), pepino (1,5%), semillas de lino (0,6%), extracto de espirulina, zumo de lima (0,14%), extracto de alazor, té matcha (0,05%), vitaminas (B1, B2, B3, B4, C y E)				en:Kiwi	en:kiwi				100g	100g	230	kJ	54	kcal	0.5	g	0.1	g	13	g	11	g	1.1	g	0.5	g	0.01	g	0.004	g			230	kJ	0.0048	g	0.018	g	0.00033	g	0.00041	g	0.0026	g																	1	en:bottle	en:recycled-plastic	es:ecoponto-amarelo																						www.innocentdrinks.es			1	en:1-unprocessed-or-minimally-processed-foods	c	5	b	62		2500	3	-10	1	10	App - El CoCo, Apps, App - smoothie-openfoodfacts
5038862002486		es			Energía super smoothie														Innocent	innocent	Alimentos y bebidas de origen vegetal, Bebidas, Bebidas de origen vegetal, Smoothies	en:plant-based-foods-and-beverages,en:beverages,en:plant-based-beverages,en:smoothies			España	en:spain			0																										100g	100g			55	kcal	0.24	g	0.02	g	12	g	11	g	0.84	g	0.52	g	0	g	0	g			55	kcal																																																								unknown	e	16	d	39	1	2500	-5	-15	1	0	App - Yuka, Apps
0200030253982		es			Smoothie														Flying Tiger	flying-tiger	Alimentos y bebidas de origen vegetal, Bebidas, Bebidas de origen vegetal, Smoothies	en:plant-based-foods-and-beverages,en:beverages,en:plant-based-beverages,en:smoothies			España	en:spain			0																										100g	100g			55	kcal	0.5	g	0	g	13	g	11	g			0.5	g	0	g	0	g			55	kcal																																																								unknown	e	16	d	39	1	2500	-5	-15	1	0	App - yuka, Apps
0200030254002		es			Smoothie mango y banana														Flying Tiger	flying-tiger	Alimentos y bebidas de origen vegetal, Bebidas, Bebidas de origen vegetal, Smoothies	en:plant-based-foods-and-beverages,en:beverages,en:plant-based-beverages,en:smoothies			España	en:spain			0																										100g	100g			50	kcal	0.5	g	0	g	11	g	11	g			0.5	g	0	g	0	g			50	kcal																																																								unknown	e	15	d	39	1	2500	-5	-15	1	0	App - yuka, Apps
20803940		es		Super smoothie   defence	Super smoothie + defence	Super smoothie defence		Super smoothie defence				Smoothie			250 ml		Plástico	en:plastic	Solevita	solevita	Alimentos y bebidas de origen vegetal, Bebidas, Bebidas de origen vegetal, Smoothies	en:plant-based-foods-and-beverages,en:beverages,en:plant-based-beverages,en:smoothies			Francia, España	en:france,en:spain			0																latin contribute to the normal functioning of the immune system pumpkin with vitamin cybe banana des, which 275 2 mak 2013 wa/sm 41 de cabe5 buc some her n nudes l aut 110 por man ter geest , co, k 2,0 bine med 0	LATINA DE CONTRIBUTE AL FUNCIONA NORMAL DEL SISTEMA INMUNITA CALABAZA CON VITAMINA CYBE PLATANO des, que 275 2 mak 2013 WA/SM 41 de cabe5 BUC some HER N nudes l AUT 110 POR man ter Geest , Co, K 2,0 Bine MED 0									100g	100g	247	kJ	58	kcal	0.2	g	0.1	g	12.5	g	11.9	g			0.6	g	0	g	0	g			247	kJ																											1	en:bottle	en:pet-1-polyethylene-terephthalate			20.5		en:bottle-cap			2.4																			unknown	e	17	c	48		2500	-5	-6	0	0	App - elcoco, App - yuka, Apps, App - El CoCo, App - InFood
8414807545305		es			Smoothie rock														Consum	consum	Alimentos y bebidas de origen vegetal, Bebidas, Bebidas de origen vegetal, Smoothies	en:plant-based-foods-and-beverages,en:beverages,en:plant-based-beverages,en:smoothies			España	en:spain	Consum	consum	0																										100g	100g																																																																																unknown	unknown		d	39	1	2500	-5	-15	1	0	App - elcoco, Apps, App - El CoCo
8414807545329		es			Smoothie Samba														Consum	consum	Alimentos y bebidas de origen vegetal, Bebidas, Bebidas de origen vegetal, Smoothies	en:plant-based-foods-and-beverages,en:beverages,en:plant-based-beverages,en:smoothies			España	en:spain	Consum	consum	0																										100g	100g			45	kcal	0.3	g	0	g	9.2	g	9.1	g			0.5	g	0.03	g	0.012	g			45	kcal																																																								unknown	e	14	d	39	1	2500	-5	-15	1	0	App - yuka, Apps, App - elcoco, App - El CoCo
7862118148653		es			Smoothie														WanaBana	wanabana	Alimentos y bebidas de origen vegetal, Bebidas, Bebidas de origen vegetal, Smoothies	en:plant-based-foods-and-beverages,en:beverages,en:plant-based-beverages,en:smoothies	Sin gluten, Sin conservantes	en:no-gluten,en:no-preservatives	España	en:spain			0																										100g	100g			100	kcal	0	g	0	g	24	g	17	g	2	g	1	g							100	kcal																																																								unknown	unknown		d	39	1	2500	-5	-15	1	0	App - El CoCo, Apps, App - Yuka
8411554103437		es			Be smoothie														La Cuerva	la-cuerva	Alimentos y bebidas de origen vegetal, Bebidas, Bebidas de origen vegetal, Smoothies	en:plant-based-foods-and-beverages,en:beverages,en:plant-based-beverages,en:smoothies			España	en:spain			0																										100g	100g			56	kcal	0.4	g	0.03	g	12.5	g	12	g			0.95	g	2	g	0.8	g			56	kcal																																																								unknown	e	24	d	39	1	2500	-5	-15	1	0	App - yuka, Apps
8410175078186		es			Smoothie banana, pear, orange & oats														Corny	corny	Alimentos y bebidas de origen vegetal, Bebidas, Bebidas de origen vegetal, Smoothies	en:plant-based-foods-and-beverages,en:beverages,en:plant-based-beverages,en:smoothies			España	en:spain			0																										100g	100g			80	kcal	0.5	g	0.06	g	16.5	g	10.5	g			1.2	g							80	kcal																																																								unknown	unknown		d	39	1	2500	-5	-15	1	0	App - yuka, Apps
5400119513234		en		Smoothie breakfast															Delhaize	delhaize	Plant-based foods and beverages, Beverages, Dairies, Fermented foods, Fermented milk products, Desserts, Dairy desserts, Plant-based beverages, Dairy drinks, Fermented dairy desserts, Fermented drinks, Yogurts, Fermented milk drinks, Smoothies, Drinkable yogurts	en:plant-based-foods-and-beverages,en:beverages,en:dairies,en:fermented-foods,en:fermented-milk-products,en:desserts,en:dairy-desserts,en:plant-based-beverages,en:dairy-drinks,en:fermented-dairy-desserts,en:fermented-drinks,en:yogurts,en:fermented-milk-drinks,en:smoothies,en:drinkable-yogurts	No gluten	en:no-gluten	Belgium, Spain	en:belgium,en:spain	Delhaize	delhaize	0																										100g	100g			65	kcal	1.8	g	0.1	g	9.3	g	9.3	g			2.3	g	0.01	g	0.004	g			65	kcal																																																					en:milk-and-yogurt	en:milk-and-dairy-products,en:milk-and-yogurt		unknown	e	17	d	39	1	2500	-5	-15	1	0	App - yuka, Apps, App - El CoCo
8410087613239		fr				Energy													Be Plus	be-plus	"Aliments et boissons à base de végétaux, Boissons, Boissons à base de végétaux, Smoothies"	en:plant-based-foods-and-beverages,en:beverages,en:plant-based-beverages,en:smoothies	Bio, Végétarien, Végétalien	en:organic,en:vegetarian,en:vegan	France, Espagne	en:france,en:spain			0																										100g	100g			53	kcal	0	g	0	g	12	g	10	g			0.6	g	0	g	0	g			53	kcal																																																								unknown	e	15	d	39	1	2500	-5	-15	1	0	App - yuka, Apps, App - El CoCo
8480000399816		fr				Smoothie fresa morango									500 ml				Hacendado	hacendado	"Aliments et boissons à base de végétaux, Boissons, Boissons à base de végétaux, Smoothies"	en:plant-based-foods-and-beverages,en:beverages,en:plant-based-beverages,en:smoothies	Point Vert	en:green-dot	Espagne	en:spain	Mercadona, Hacendado	mercadona,hacendado	0																										100g	100g			46	kcal	0	g	0	g	10.5	g	9.4	g			0.6	g	0.01	g	0.004	g			46	kcal																																																								unknown	e	14	d	39	1	2500	-5	-15	1	0	App - elcoco, App - yuka, Apps, App - El CoCo
3560071082314	6225	fr			Mezcla de frutas para smoothies	Mélange de fruits Pour Smoothies	Fruitmix Voor Smoothies				Mezcla de piña, mango y papaya, ultracongelada.	Mélange d'ananas, de mangue et de papaye, surgelé.	Mengeling van ananas, mango en papaja, diepvries.		400 g				Carrefour	carrefour	"Aliments et boissons à base de végétaux, Boissons, Aliments d'origine végétale, Aliments à base de fruits et de légumes, Boissons à base de végétaux, Smoothies"	en:plant-based-foods-and-beverages,en:beverages,en:plant-based-foods,en:fruits-and-vegetables-based-foods,en:plant-based-beverages,en:smoothies			France, Espagne	en:france,en:spain	Carrefour	carrefour	1					Esta mezcla de frutas se envasa en Serbia a partir de piña recolectada en Costa Rica, mango originario de Perú y México y de papaya procedente de América Central / Sur o de la India.	"Ce mélange de fruits est conditionné en Serbie, à partir d'ananas récoltés au Costa Rica, de mangue originaire du Pérou et du Mexique, et de papaye provenant d'Amérique Centrale, du Sud ou bien d'Inde."	Deze fruitmix is verpakt in Servië op basis van ananas die geoogst werd in Costa Rica, mango uit Peru en Mexico en papaja uit Centraal-Amerika, Zuid-Amerika of India.			Envasado en Serbia e importado por Crop's Fruits NV - Oostrozebeeksestraat 148 - 8710 Ooigem- Bélgica, para Interdis.	Conditionné en Serbie et importé par Crop's Fruits NV - Oostrozebeeksestraat 148 - 8710 Ooigem- Belgique, pour Interdis.	Verpakt in Servië en ingevoerd door Crop's Fruits NV - Oostrozebeeksestraat 148 - 8710 Ooigem- België, voor Interdis.					Piña 33,3%, mango 33,3%, papaya 33,3%.	Ananas 33,3%, mangue 33,3%, papaye 33,3%.	Ananas 33,3%, mango 33,3%, papaja 33,3%.							100g	100g	138	kJ	33	kcal	0	g	0	g	6.6	g	6.5	g	1.1	g	0	g							138	kJ																																						Conservar 24 horas en el frigorífico, 3 días en el congelador del frigorífico, varios meses a -18 ºC en un congelador *** y consumir preferentemente antes del fin de: ver fecha en el otro lateral del envase.	"À conserver 3 jours dans le compartiment à glace du réfrigérateur, plusieurs mois à -18°C dans un congélateur*** et à consommer de préférence avant fin : voir la date sur l'autre côté de la boite."	Bewaart 3 dagen in het vriesvak van de koelkast, meerdere maanden op -18°C in een diepvriezer*** en ten minste houdbaar tot einde: zie datum op de andere zijde van de doos.	NO VOLVER A CONGELAR UNA VEZ DESCONGELADO	"ATTENTION, NE PAS RECONGELER APRÈS DÉCONGÉLATION."	NA ONTDOOIING NIET OPNIEUW INVRIEZEN	Para 1 batido: poner en la batidora 100 ml de zumo de frutas, o si lo prefiere, zumo de hortalizas, leche, bebida vegetal (almendra, soja, etc.) o yogur. Añadir 100 g de mezcla de frutas para batidos Carrefour, equivalente a 1/4 del envase. No es necesario descongelar previamente. Batir durante 60 segundos. ¡Y listo!	Pour 1 smoothie : mettre 100ml de jus de fruits, ou selon vos envies de jus de légumes, de lait, de lait végétal (d'amande, de soja) ou même un yaourt, dans un blender. Mélangez avec 100g de mélange de fruits pour smoothies Carrefour, soit 1/4 de la boîte. Il n'est pas nécessaire de décongeler les fruits au préalable. Blendez pendant 60 sec. Et c'est prêt !	Voor 1 smoothie: doe 100 ml fruitsap of naar eigen smaak groentesap, melk, plantaardige melk (amandel, soja) of yoghurt in een blender. Meng met 100 g fruitmix voor smoothies van Carrefour, ofwel 1/4 van de doos. Het is niet nodig om het fruit van tevoren te ontdooien. Mix 60 sec. en uw smoothie is klaar!			Interdis - TSA 91431 - 91343 MASSY Cedex - France.	Interdis - TSA 91431 - 91343 MASSY Cedex - France.	"Carrefour Product info
PB 2000 Evere 3 - 1140 BRUSSELS
Tél: 0800/9.10.11"		en:unsweetened-beverages	en:beverages,en:unsweetened-beverages	1	en:1-unprocessed-or-minimally-processed-foods	unknown		d	39	1	2500	-5	-15	1	0	Producer - Carrefour, Producers, App - yuka, Apps
5038862237024		es			Smoothie Fresa y plátano	Innocent frésame mucho									250 ml		Plástico, en:Bottle or vial, Botella	en:plastic,en:bottle-or-vial,en:bottle	Innocent	innocent	Alimentos y bebidas de origen vegetal, Bebidas, Bebidas de origen vegetal, Smoothies, Smoothies de fruta	en:plant-based-foods-and-beverages,en:beverages,en:plant-based-beverages,en:smoothies,en:fruit-smoothies	Empresa B certificada, Sin azúcares añadidos	en:certified-b-corporation,en:no-added-sugar	Bélgica, España	en:belgium,en:spain			0																	Fresas (31%), ½ manzana, plátano (22%), uvas, naranja, grosellas negras.									100g	100g	214	kJ	51	kcal	0.5	g	0.1	g	12	g	10	g	1.2	g	0.5	g	0.01	g	0.004	g			214	kJ			7.8	mg									17.8	µg	159	mg			0.23	mg							1	en:bottle	en:pet-1-polyethylene-terephthalate	en:recycle			1	en:lid	en:pet-1-polyethylene-terephthalate	en:recycle																			1	en:1-unprocessed-or-minimally-processed-foods	c	4	c	47		2500	-5	-7	0	0	App - yuka, Apps, App - smoothie-openfoodfacts
8431876250282		es			Zumo fresa/plátano														Carrefour, Bon appetit	carrefour,bon-appetit	Alimentos y bebidas de origen vegetal, Bebidas, Bebidas de origen vegetal, Bebidas a base de frutas, Zumos y néctares, Zumos de frutas, Smoothies, Smoothies de fruta	en:plant-based-foods-and-beverages,en:beverages,en:plant-based-beverages,en:fruit-based-beverages,en:juices-and-nectars,en:fruit-juices,en:smoothies,en:fruit-smoothies	Ecológico	en:organic	España	en:spain	Carrefour	carrefour	0																	Puré de fresa 44%, zumo de manzana 42% puré de plátano 14%, antioxidante: ácido ascórbico				en:None	en:none	en:None	en:none		100g	100g	193	kJ	45	kcal	0	g	0	g	10.3	g	9.3	g	0.5	g	0.8	g	0	g	0	g			193	kJ																					100	g																									4	c					en:fruit-juices	en:beverages,en:fruit-juices	1	en:1-unprocessed-or-minimally-processed-foods	c	4	d	39	1	2500	-5	-15	1	0	App - yuka, Apps, Producers, Producer - carrefour-espana
8422410393343		es			Smoothie vermell														Bonpreu	bonpreu	Alimentos y bebidas de origen vegetal, Bebidas, Bebidas de origen vegetal, Smoothies	en:plant-based-foods-and-beverages,en:beverages,en:plant-based-beverages,en:smoothies	Punto Verde	en:green-dot	España	en:spain			0																										100g	100g			61	kcal	0.2	g	0	g	13	g	9.7	g			0.5	g	0	g	0	g			61	kcal																																																								unknown	e	16	d	39	1	2500	-5	-15	1	0	App - elcoco, Apps, App - yuka, App - El CoCo
8437010537257		es			Smoothie bosque con fresa, frambuesa, remolacha y arándanos														Pom'Bel	pom-bel	Alimentos y bebidas de origen vegetal, Bebidas, Bebidas de origen vegetal, Smoothies	en:plant-based-foods-and-beverages,en:beverages,en:plant-based-beverages,en:smoothies	Punto Verde	en:green-dot	España	en:spain			0																										100g	100g			55	kcal	0	g	0	g	12	g	8.5	g			0.6	g	0.02	g	0.008	g			55	kcal																																																								unknown	e	14	d	39	1	2500	-5	-15	1	0	App - yuka, Apps
5060268001244		en		Cherry, Apple, Carrot, Mandarin, Ginger, Lemon, Plus vitamins BCD&E	plus vitaminas BCD&E										750ml		Plastic	en:plastic	Cold press	cold-press	Plant-based foods and beverages, Beverages, Plant-based beverages, Smoothies	en:plant-based-foods-and-beverages,en:beverages,en:plant-based-beverages,en:smoothies			Spain	en:spain			0																Cherry puree (43%). mandarin juice (22%), cloudy apple juice (26,5%), carrot puree (5%) lemon juice (3%), ginger puree (1%). Added vitamins B1, B2, B3, B6, C, D and E										100g	100g			49	kcal	0.2	g	0.1	g	11.9	g	9.9	g			0.4	g	0	g	0	g			49	kcal																																																					en:unsweetened-beverages	en:beverages,en:unsweetened-beverages	1	en:1-unprocessed-or-minimally-processed-foods	c	4	d	39	1	2500	-5	-15	1	0	App - yuka, Apps, App - Open Food Facts
0818411001413		es			Acaí										4 x 100 g						Alimentos y bebidas de origen vegetal, Bebidas, Botanas, Snacks salados, Aperitivos, Bebidas de origen vegetal, Smoothies	en:plant-based-foods-and-beverages,en:beverages,en:snacks,en:salty-snacks,en:appetizers,en:plant-based-beverages,en:smoothies			España	en:spain			0																										100g	100g			64	kcal	5.3	g	1.2	g	0	g	0	g			1.1	g	0.05	g	0.02	g			64	kcal																																																					en:appetizers	en:salty-snacks,en:appetizers		unknown	e	10	d	39	1	2500	-5	-15	1	0	App - yuka, Apps, App - smoothie-openfoodfacts
8437010537288		es			Smoothie frutal para beberfruta bahía con piña, coco y mango	Pom'bel					Frutas Trituradas				210 g		Plástico	en:plastic	Pom'Bel	pom-bel	Alimentos y bebidas de origen vegetal, Bebidas, Bebidas de origen vegetal, Zumos y néctares, Smoothies	en:plant-based-foods-and-beverages,en:beverages,en:plant-based-beverages,en:juices-and-nectars,en:smoothies	Punto Verde, Sin lactosa	en:green-dot,en:no-lactose	Francia, España	en:france,en:spain	Eroski	eroski	0																	Manzana 48%, Zumo Piña 24%, Mango 15%, Coco 10%, Plátano 3%									100g	100g			68	kcal	1.7	g	1.5	g	12	g	9.9	g	1.5	g	0.5	g	0	g	0	g			68	kcal																													en:plastic																							https://www.pombel.com/			1	en:1-unprocessed-or-minimally-processed-foods	d	7	c	44		2500	-5	-10	1	0	App - yuka, Apps
5056104547793		es			Smoothie de chocolate														Exante	exante	Alimentos y bebidas de origen vegetal, Bebidas, Bebidas de origen vegetal, Smoothies	en:plant-based-foods-and-beverages,en:beverages,en:plant-based-beverages,en:smoothies			España	en:spain			0																										100g	100g			855	kcal	7	g	3	g	17	g	2	g			17	g	1	g	0.4	g			855	kcal																																																								unknown	e	18	d	39	1	2500	-5	-15	1	0	App - yuka, Apps
8410128651084		fr				Smoothie													The Goods	the-goods	"Aliments et boissons à base de végétaux, Boissons, Boissons à base de végétaux, Smoothies"	en:plant-based-foods-and-beverages,en:beverages,en:plant-based-beverages,en:smoothies			France, Espagne	en:france,en:spain			0																										100g	100g			50	kcal	0.2	g	0.1	g	10.3	g	10.2	g			0.8	g	0.1	g	0.04	g			50	kcal																																																								unknown	e	14	d	39	1	2500	-5	-15	1	0	App - yuka, Apps, App - El CoCo
5038862232241		es			Super smoothie energia				Energía										Innocent	innocent	Alimentos y bebidas de origen vegetal, Bebidas, Bebidas de origen vegetal, Smoothies	en:plant-based-foods-and-beverages,en:beverages,en:plant-based-beverages,en:smoothies			España	en:spain			0																	1 manzana licuada (50%), 13 uvas rojas y blancas licuadas, ½ plátano machacado, 3 fresas trituradas (10%), 14 grosellas negras trituradas, 2½ cerezas trituradas (3,3%), - un poco de zumo de remolacha, semillas de lino molidas (0,56%), un chorrito de infusión de guaraná (0,01%) y algunas vitaminas (B1, B2, B3, B6, C y E).									100g	100g	221	kJ	52	kcal	0.5	g	0.1	g	12	g	10	g	0.8	g	0.6	g	0.01	g	0.004	g			221	kJ	4.1	mg	17	mg	0.33	mg	0.38	mg	2.5	mg	0.41	mg																																												unknown	e	15	d	39	1	2500	-5	-15	1	0	App - yuka, Apps
8410171010265		fr				Smoothie mango y maracuyá													El Frutero	el-frutero	"Aliments et boissons à base de végétaux, Boissons, Boissons à base de végétaux, Smoothies"	en:plant-based-foods-and-beverages,en:beverages,en:plant-based-beverages,en:smoothies			Espagne	en:spain			0																										100g	100g			53	kcal	0	g	0	g	12	g	11.7	g			0.6	g	0	g	0	g			53	kcal																																																								unknown	e	16	d	39	1	2500	-5	-15	1	0	App - yuka, Apps
8422174360520		de	Green machine												360 ml	360ml			Naked	naked	Pflanzliche Lebensmittel und Getränke, Getränke, Pflanzliche Getränke, Fruchtgetränke, Säfte und Nektare, Fruchsäfte, Smoothies, Fruchtsmoothies	en:plant-based-foods-and-beverages,en:beverages,en:plant-based-beverages,en:fruit-based-beverages,en:juices-and-nectars,en:fruit-juices,en:smoothies,en:fruit-smoothies			Spanien	en:spain			0															Apfelsaft (64%) , Ananassaft (11% ) , Bananenmark, Kiwimark(7%), Mangomark (7%), pflanzliche Extrakte (0,5% Spirulina (0,3% ), Spinat, Chlorella, Ingwerwurzel, Brokkoli erstengras, Weizengras, Petersilie, geruchloser Knoblauch davalgen (0,004%), natürliche Aromen											100g	100g			52	kcal	0.5	g	0.1	g	12	g	11	g			0.5	g	0.03	g	0.012	g			52	kcal																																																					en:fruit-juices	en:beverages,en:fruit-juices	4	en:4-ultra-processed-food-and-drink-products	d	6	d	39	1	2500	-5	-15	1	0	App - yuka, Apps
24017022		es			Smoothie fresa & plátano										250 ml	250ml	Plástico	en:plastic	El Mercado de Aldi	el-mercado-de-aldi	Alimentos y bebidas de origen vegetal, Bebidas, Bebidas de origen vegetal, Bebidas no alcohólicas, Smoothies, Smoothies de fruta	en:plant-based-foods-and-beverages,en:beverages,en:plant-based-beverages,en:non-alcoholic-beverages,en:smoothies,en:fruit-smoothies			España	en:spain	Aldi	aldi	0								Alemania	alemania								Zumo de manzana, puré de plátano (19,7 %), puré de mango (19,2 %), zumo de naranja (7,9 %), pulpa de naranja (7,8 %), zumo de maracuyá (7,2%)									100g	100g			54	kcal	0	g	0	g	12	g	12	g	0	g	0.5	g	0.01	g	0.004	g	0	% vol	54	kcal																													en:plastic																										1	en:1-unprocessed-or-minimally-processed-foods	d	6	c	44		2500	-5	-10	1	0	App - elcoco, App - yuka, Apps, App - El CoCo
20659554		fr				Relax valeriana									330 ml		Plastique	en:plastic	Solevita	solevita	"Aliments et boissons à base de végétaux, Boissons, Boissons à base de végétaux, Smoothies"	en:plant-based-foods-and-beverages,en:beverages,en:plant-based-beverages,en:smoothies	Végétarien, Végétalien, Union Végétarienne Européenne, Union Végétarienne Européenne Végétalien	en:vegetarian,en:vegan,en:european-vegetarian-union,en:european-vegetarian-union-vegan	France, Espagne	en:france,en:spain	Lidl	lidl	0																										100g	100g			40	kcal	0.1	g	0.1	g	9.5	g	9.5	g			0.1	g	0	g	0	g			40	kcal																											1	en:bottle	en:plastic	en:recycle																										unknown	e	13	c	44		2500	-5	-10	1	0	App - elcoco, App - yuka, Apps, App - El CoCo, App - smoothie-openfoodfacts
8480000399793		es			Smoothie mango y coco				Smoothie Mango & Coco		Smoothiede frutas con zumo de zanahoria y leche de coco			Smoothie de frutas com sumo de cenoura e leite de coco	250ml	250ml	Plástico, PET, Green dot	en:plastic,en:pet-1-polyethylene-terephthalate,es:green-dot	Hacendado	hacendado	Alimentos y bebidas de origen vegetal, Bebidas, Bebidas de origen vegetal, Smoothies, Smoothies de fruta	en:plant-based-foods-and-beverages,en:beverages,en:plant-based-beverages,en:smoothies,en:fruit-smoothies	Punto Verde	en:green-dot	España	en:spain	Mercadona	mercadona	0								The Netherlands	the-netherlands								Puré de manzana (31,6%), zumo de piña (26,3%), puré de mango (25,3%), zumo de zanahoria (10,5%), leche de coco (6,3%), antioxidante (ácido ascórbico).			Puré de maçã (31,6%), sumo de ananás (26,3%), puré de manga (25,3%), sumo de cenoura (10,5%), leite de coco (6,3%), antioxidante (ácido ascórbico).						100g	100g	270	kJ	64	kcal	1.3	g	0.9	g	12	g	11.1	g	1	g	0.5	g	0.03	g	0.012	g			270	kJ																													en:pet-1-polyethylene-terephthalate																										1	en:1-unprocessed-or-minimally-processed-foods	d	6	c	46		2500	-5	-8	0	0	App - elcoco, App - yuka, Apps, App - El CoCo, App - Open Food Facts
5038862346108		es			Smoothie mangue, fruits de la passion & pomme	Smoothie mangue et fruits de la passion									250 ml	250 ml	"Plástico, en:Bottle or vial, PET, Botella, en:Green dot, Pensez au tri!, fr:Bouteille plastique et son bouchon à recycler"	en:plastic,en:bottle-or-vial,en:pet-1-polyethylene-terephthalate,en:bottle,en:green-dot,es:pensez-au-tri,fr:bouteille-plastique-et-son-bouchon-a-recycler	Innocent	innocent	Alimentos y bebidas de origen vegetal, Bebidas, Bebidas de origen vegetal, Bebidas no azucaradas, Smoothies	en:plant-based-foods-and-beverages,en:beverages,en:plant-based-beverages,en:unsweetened-beverages,en:smoothies	Punto Verde	en:green-dot	Francia, España	en:france,en:spain	Magasins U,Carrefour Market	magasins-u,carrefour-market	0																		1 pomme pressée,  1/4 de mangue mixée (17%), 1/2 banane mixée, 1/3 orange pressée, une tranche de fruit de la passion pressé (3%), un morceau de pêche pressée, jus de citron vert.								100g	100g	227	kJ	54	kcal	0	g	0	g	12	g	11	g	1.4	g	0.4	g	0	g	0	g			227	kJ			23	mg											168	mg									100	g	1	en:bottle	en:pet-1-polyethylene-terephthalate	en:recycle		17.17	1	en:wine-cork			2.17																			unknown	c	5	c	48		2500	-5	-6	0	0	App - yuka, Apps, app-elcoco, App - smoothie-openfoodfacts
4056489028642		de	Red smoothie												750 ml				Solevita	solevita	Pflanzliche Lebensmittel und Getränke, Getränke, Pflanzliche Getränke, Smoothies	en:plant-based-foods-and-beverages,en:beverages,en:plant-based-beverages,en:smoothies	Vegetarisch, Vegan, Europäische Vegetarier-Union, Europäische Vegetarier-Union Vegan	en:vegetarian,en:vegan,en:european-vegetarian-union,en:european-vegetarian-union-vegan	Frankreich, Spanien	en:france,en:spain	Lidl	lidl	0													FSC-C020428	fsc-c020428	Mehrfruchtsaft, rot. Fruchtgehalt: 100 %. Zutaten: 25 % Apfelsaft, 20% Traubensaft, 20 % Bananenmark, 15% Erdbeermark, 11 % Apfelmark, 5% Sauerkirschmark, 4 % schwarzer Johannisbeersaft, Antioxidationsmittel: Ascorbinsäure.											100g	100g			55	kcal	0.1	g	0.1	g	12.5	g	11.7	g			0.40000000596046	g	0.01	g	0.004	g			55	kcal																											1	en:bottle	en:fsc-cardboard	en:recycle			1	en:bottle-cap	en:plastic	en:recycle																			1	en:1-unprocessed-or-minimally-processed-foods	d	6	c	52		2500	-5	-2	0	0	App - yuka, Apps, App - El CoCo
54011649		es			Honest &quot;Pomegranate & blueberry&quot;										330 ml		fr:Bouteille en verre	fr:bouteille-en-verre	Honest	honest	Alimentos y bebidas de origen vegetal, Bebidas, Bebidas de origen vegetal, Smoothies	en:plant-based-foods-and-beverages,en:beverages,en:plant-based-beverages,en:smoothies	Ecológico, Ecológico UE, Agricultura no UE, AT-BIO-901, Agricultura UE, Agricultura UE/no UE, Punto Verde, Triman	en:organic,en:eu-organic,en:non-eu-agriculture,en:at-bio-901,en:eu-agriculture,en:eu-non-eu-agriculture,en:green-dot,fr:triman	España	en:spain			0																										100g	100g			20	kcal	0	g	0	g	4.8000001907349	g	4.8000001907349	g			0	g	0	g	0	g			20	kcal																												en:bottle	en:glass																											unknown	d	7	b	67		2500	-5	-2	0	15	App - yuka, Apps, App - El CoCo
8436554526475		es			Cors de fruita														Ametller Origen	ametller-origen	Alimentos y bebidas de origen vegetal, Bebidas, Bebidas de origen vegetal, Smoothies	en:plant-based-foods-and-beverages,en:beverages,en:plant-based-beverages,en:smoothies			España	en:spain			0																										100g	100g			68	kcal	2	g	1.3	g	12	g	10	g			0.3	g	0.01	g	0.004	g			68	kcal																																																								unknown	e	18	d	39	1	2500	-5	-15	1	0	App - elcoco, Apps, App - yuka, App - El CoCo
8402001005848		es			Batidos sabor plátano, arandanos y avena										4	160 g	Botella	en:bottle	Hacendado	hacendado	Alimentos y bebidas de origen vegetal, Bebidas, Bebidas de origen vegetal, Smoothies	en:plant-based-foods-and-beverages,en:beverages,en:plant-based-beverages,en:smoothies	Bajo o sin grasas, Bajo en grasas, Sin azúcares añadidos	en:low-or-no-fat,en:low-fat,en:no-added-sugar	España	en:spain	Hacendado	hacendado	0																										100g	100g			32	kcal	0.3	g	0.2	g	4.7	g	4.3	g			2.5	g	0.14	g	0.056	g			32	kcal																	99	mg										en:bottle																												unknown	d	7	c	44		2500	-5	-10	0	0	App - Yuka, Apps
4260122391639		es			True fruits														True Fruits	true-fruits	Alimentos y bebidas de origen vegetal, Bebidas, Bebidas de origen vegetal, Smoothies	en:plant-based-foods-and-beverages,en:beverages,en:plant-based-beverages,en:smoothies			España	en:spain			0																										100g	100g			47	kcal	0	g	0	g	11	g	10	g	1.5	g	0.5	g	0.01	g	0.004	g			47	kcal																																																								unknown	e	13	d	39	1	2500	-5	-15	1	0	App - yuka, Apps
8410171037989		es			Smoothie piña, kiwi y lima										250 ml	250ml	en:Green dot	en:green-dot	Frutae	frutae	Alimentos y bebidas de origen vegetal, Bebidas, Bebidas de origen vegetal, Smoothies, Smoothies de fruta	en:plant-based-foods-and-beverages,en:beverages,en:plant-based-beverages,en:smoothies,en:fruit-smoothies	Sin gluten, Vegetariano, Vegano, Punto Verde, Sin azúcares añadidos	en:no-gluten,en:vegetarian,en:vegan,en:green-dot,en:no-added-sugar	España	en:spain	Consum	consum	0																	Zumo de manzana, puré de manzana, zumo de kiwi 20%, zumo de piña 16%, zumo de uva, zumo de lima 1%, extracto de espirulina.									100g	100g	208	kJ	49	kcal	0.2	g	0	g	10.9	g	10.8	g	0.9	g	0.5	g	0	g	0	g			208	kJ																																																							1	en:1-unprocessed-or-minimally-processed-foods	c	5	d	39	1	2500	-5	-15	1	0	App - yuka, Apps, App - El CoCo, App - Open Food Facts
8410500023669		es			Activia Smoothie & Go de fresa, arándanos, granada, dátil, remolacha y semillas de chía										250 g				Danone	danone	Alimentos y bebidas de origen vegetal, Bebidas, Bebidas de origen vegetal, Smoothies	en:plant-based-foods-and-beverages,en:beverages,en:plant-based-beverages,en:smoothies	Sin azúcares añadidos	en:no-added-sugar	España	en:spain			0																	leche parcialmente desnatada, purés de fresa (13,4%), arándanos (7,6%), dátil (5,7%) y remolacha (3%), leche desnatada en polvo rehidratada, zumo de granada (2,5%), semillas de chía (0,5%), fibra de cítricos, zumo concentrado de limón, aromas naturales, bifidobacterias y fermentos lácticos, origen de la leche: españa, puede contener cereales con gluten,				Leche	en:milk	Gluten	en:gluten		100g	100g			59	kcal	1.2	g	0.5	g	8.1	g	7.8	g	1.3	g	2.6	g	0.1	g	0.04	g			59	kcal																	88	mg																																					4	en:4-ultra-processed-food-and-drink-products	e	14	d	39	1	2500	-5	-15	1	0	App - elcoco, App - yuka, Apps, App - El CoCo
1402942460000		es				Smoothie Heidelbeeren Und Himbeeren									200 ml				Ikea	ikea	Alimentos y bebidas de origen vegetal, Bebidas, Alimentos de origen vegetal, Frutas y verduras y sus productos, Frutas y sus productos, Bebidas de origen vegetal, Frutas, Bebidas no azucaradas, Smoothies	en:plant-based-foods-and-beverages,en:beverages,en:plant-based-foods,en:fruits-and-vegetables-based-foods,en:fruits-based-foods,en:plant-based-beverages,en:fruits,en:unsweetened-beverages,en:smoothies			Francia, España	en:france,en:spain			0																	Preparado de zumo de frutas sabor frambuesa y arándano Pasteurizado, Ingredientes: Zumo de pera (37%) (a partir de concentrado), puré de manzana (35%), puré de plátano (14%), puré de arándano (6 %), puré de frambuesa (6 %), zumo de grosella negra (2 %),									100g	100g			58	kcal	0	g	0	g	13	g	11	g			0	g	0	g	0	g			58	kcal																									100	g																											en:fruits	en:fruits-and-vegetables,en:fruits	1	en:1-unprocessed-or-minimally-processed-foods	d	7	d	39	1	2500	-5	-15	1	0	Apps, app-elcoco, App - Yuka
2000000107722		es			Smoothie Bosque												Plástico	en:plastic	Pom'Bel	pom-bel	Alimentos y bebidas de origen vegetal, Bebidas, Bebidas de origen vegetal, Smoothies	en:plant-based-foods-and-beverages,en:beverages,en:plant-based-beverages,en:smoothies	Vegetariano, Vegano	en:vegetarian,en:vegan	España	en:spain			0																	"Fresa, frambuesa, arándanos, remolacha, manzana verde y plátano."									100g	serving			55	kcal	0	g	0	g	12	g	8.5	g	2.5	g	0.6	g	0.02	g	0.008	g			55	kcal																													en:plastic																										1	en:1-unprocessed-or-minimally-processed-foods	c	2	c	44		2500	-5	-10	1	0	
2000000107723		es			Smoothie Huerta												Plástico	en:plastic	Pom'Bel	pom-bel	Alimentos y bebidas de origen vegetal, Bebidas, Bebidas de origen vegetal, Smoothies	en:plant-based-foods-and-beverages,en:beverages,en:plant-based-beverages,en:smoothies			España	en:spain			0																	"Manzana verde, piña, espinaca, pepino y spirulina."									100g	serving			51	kcal	0	g	0	g	11	g	8.7	g	1.9	g	0.7	g	0.03	g	0.012	g			51	kcal																													en:plastic																										1	en:1-unprocessed-or-minimally-processed-foods	c	3	c	44		2500	-5	-10	1	0	
4056489028659		fr		Yellow family smoothie	Yellow family smoothie	Yellow Family Smothie									750 ml	100g	Plastique, Carton	en:plastic,en:cardboard	Solevita	solevita	"Aliments et boissons à base de végétaux, Boissons, Boissons à base de végétaux, Smoothies, Smoothies aux fruits"	en:plant-based-foods-and-beverages,en:beverages,en:plant-based-beverages,en:smoothies,en:fruit-smoothies	en:FSC, FSC Mix	en:fsc,en:fsc-mix	France, Espagne	en:france,en:spain			0																										100g	100g			54	kcal	0.2	g	0.1	g	11.8	g	11.1	g			0.5	g	0.01	g	0.004	g			54	kcal																													en:plastic						en:cardboard																					unknown	e	16	c	43		2500	-5	-11	1	0	App - yuka, Apps, app-elcoco, App - El CoCo, App - Open Food Facts
8437013139267		es			Smoothie belleza flamenca	Smoothie belleza flamenca									250				Sun & Vegs	sun-vegs	Alimentos y bebidas de origen vegetal, Bebidas, Bebidas de origen vegetal, Smoothies	en:plant-based-foods-and-beverages,en:beverages,en:plant-based-beverages,en:smoothies			Francia, España	en:france,en:spain	Mercadona	mercadona	0																										100g	100g			51	kcal	0.1	g	0	g	10.8	g	10.1	g			1.3	g	0.1	g	0.04	g			51	kcal																																																								unknown	e	15	d	39	1	2500	-5	-15	1	0	App - yuka, Apps
8437015393124		es			Coco smoothie original														Genuine Coconut	genuine-coconut	Alimentos y bebidas de origen vegetal, Bebidas, Bebidas de origen vegetal, Smoothies	en:plant-based-foods-and-beverages,en:beverages,en:plant-based-beverages,en:smoothies			España	en:spain			0																										100g	100g			39	kcal	2.62	g	2.3	g	3	g	3	g			0	g	0.07	g	0.028	g			39	kcal																																																								unknown	e	10	d	39	1	2500	-5	-15	1	0	App - yuka, Apps
5038862235761		es			Smoothie de guayaba, piña y manzana														Innocent	innocent	Alimentos y bebidas de origen vegetal, Bebidas, Bebidas de origen vegetal, Smoothies	en:plant-based-foods-and-beverages,en:beverages,en:plant-based-beverages,en:smoothies			España	en:spain			0																										100g	100g			56	kcal	0	g	0	g	13	g	11	g			1	g	0	g	0	g			56	kcal																																																								unknown	e	16	d	39	1	2500	-5	-15	1	0	App - yuka, Apps
8480017228895		es			Smoothie coco piña														Fruti Campo	fruti-campo	Alimentos y bebidas de origen vegetal, Bebidas, Bebidas de origen vegetal, Smoothies	en:plant-based-foods-and-beverages,en:beverages,en:plant-based-beverages,en:smoothies			España	en:spain			0																										100g	100g			72	kcal	1.7999999523163	g	1.2999999523163	g	12.699999809265	g	11.199999809265	g			0.80000001192093	g							72	kcal																																																								unknown	unknown		d	39	1	2500	-5	-15	1	0	App - yuka, Apps
8410171013044		es			Smoothie arándano granada y grosella														Auchan	auchan	Alimentos y bebidas de origen vegetal, Bebidas, Bebidas de origen vegetal, Smoothies, Smoothies de fruta	en:plant-based-foods-and-beverages,en:beverages,en:plant-based-beverages,en:smoothies,en:fruit-smoothies			España	en:spain	Auchan	auchan	0																										100g	100g			53	kcal	0.2	g	0	g	12	g	12	g			0.6	g	0	g	0	g			53	kcal																																																								unknown	e	16	d	39	1	2500	-5	-15	1	0	App - yuka, Apps
8410171013051		es			Mango goji y fruta de la pasión														Auchan	auchan	Alimentos y bebidas de origen vegetal, Bebidas, Bebidas de origen vegetal, Smoothies	en:plant-based-foods-and-beverages,en:beverages,en:plant-based-beverages,en:smoothies			España	en:spain	Auchan	auchan	0																										100g	100g			50	kcal	0.1	g	0	g	11	g	11	g			0.6	g	0	g	0	g			50	kcal																																																								unknown	e	15	d	39	1	2500	-5	-15	1	0	App - yuka, Apps
4015533038747		es			SMOOTHIE VERDE														Voelkel	voelkel	Alimentos y bebidas de origen vegetal, Bebidas, Bebidas de origen vegetal, Smoothies	en:plant-based-foods-and-beverages,en:beverages,en:plant-based-beverages,en:smoothies	Ecológico, Agricultura biodinámica, Demeter	en:organic,en:biodynamic-agriculture,en:demeter	España	en:spain			0																										100g	100g			52	kcal	0.5	g	0.1	g	13	g	12.5	g			0.5	g	0.05	g	0.02	g			52	kcal																																																								unknown	e	17	c	59	1	2500	-5	-15	1	20	App - yuka, Apps
7480046655854		es			Smoothie fresa														Hacendado	hacendado	Alimentos y bebidas de origen vegetal, Bebidas, Bebidas de origen vegetal, Smoothies	en:plant-based-foods-and-beverages,en:beverages,en:plant-based-beverages,en:smoothies			España	en:spain			0																										100g	100g			46	kcal	0	g	0	g	10.5	g	9.4	g			0.6	g	0.01	g	0.004	g			46	kcal																																																								unknown	e	14	d	39	1	2500	-5	-15	1	0	App - yuka, Apps
8436584250036		es			green love cold-pressed juice														Flax & Kale	flax-kale	Alimentos y bebidas de origen vegetal, Bebidas, Bebidas de origen vegetal, Smoothies	en:plant-based-foods-and-beverages,en:beverages,en:plant-based-beverages,en:smoothies			España	en:spain			0																										100g	100g			25	kcal	0	g	0	g	5.8000001907349	g	5.5	g			0.60000002384186	g							25	kcal																																																								unknown	unknown		d	39	1	2500	-5	-15	1	0	App - yuka, Apps
8437013139281		es			Smoothie Mascletá										250g				Sun & Vegs	sun-vegs	Alimentos y bebidas de origen vegetal, Bebidas, Bebidas de origen vegetal, Smoothies	en:plant-based-foods-and-beverages,en:beverages,en:plant-based-beverages,en:smoothies			España	en:spain			0																										100g	100g			59	kcal	0.1	g	0	g	13.5	g	12.6	g			0.6	g	0.06	g	0.024	g			59	kcal																																																								unknown	e	18	d	39	1	2500	-5	-15	1	0	App - elcoco, Apps, App - yuka, App - El CoCo
8436576460054		es			Smoothie kiwi espinaca manzana														Lur Lore	lur-lore	Alimentos y bebidas de origen vegetal, Bebidas, Bebidas de origen vegetal, Smoothies	en:plant-based-foods-and-beverages,en:beverages,en:plant-based-beverages,en:smoothies			España	en:spain			0																										100g	100g			34	kcal	0	g	0	g	8	g	7	g			0.4	g	0	g	0	g			34	kcal																																																								unknown	e	10	d	39	1	2500	-5	-15	1	0	App - yuka, Apps
8424058016158		es			Cold Press SMOOTHIE														"Ñaming"	naming	Alimentos y bebidas de origen vegetal, Bebidas, Bebidas de origen vegetal, Smoothies	en:plant-based-foods-and-beverages,en:beverages,en:plant-based-beverages,en:smoothies			España	en:spain			0																										100g	100g			45	kcal	0.01	g	0.01	g	10.9	g	10.3	g			0.4	g	0.01	g	0.004	g			45	kcal																																																								unknown	e	14	d	39	1	2500	-5	-15	1	0	App - yuka, Apps, App - El CoCo
8480000399786		en		Smoothie kiwi & menta	Smoothie kiwi & menta	Smoothie kiwi & menta													Hacendado	hacendado	Plant-based foods and beverages, Beverages, Plant-based beverages, Smoothies	en:plant-based-foods-and-beverages,en:beverages,en:plant-based-beverages,en:smoothies			Spain	en:spain	Mercadona	mercadona	0																										100g	100g			66	kcal	0.3	g	0.1	g	14.5	g	12	g			0.7	g	0	g	0	g			66	kcal																																																								unknown	e	18	d	39	1	2500	-5	-15	1	0	App - elcoco, App - yuka, Apps, App - El CoCo
8424058016141		es			Cold Press Smoothie														"Ñaming"	naming	Alimentos y bebidas de origen vegetal, Bebidas, Bebidas de origen vegetal, Smoothies	en:plant-based-foods-and-beverages,en:beverages,en:plant-based-beverages,en:smoothies			España	en:spain			0																										100g	100g			45	kcal	0.01	g	0.01	g	10.9	g	10.3	g			0.4	g	0.1	g	0.04	g			45	kcal																																																								unknown	e	14	d	39	1	2500	-5	-15	1	0	App - elcoco, Apps, App - yuka, App - El CoCo
5038862237987		fr				Super smoothie energia													Innocent	innocent	"Aliments et boissons à base de végétaux, Boissons, Boissons à base de végétaux, Smoothies"	en:plant-based-foods-and-beverages,en:beverages,en:plant-based-beverages,en:smoothies			France, Espagne	en:france,en:spain			0																										100g	100g			60	kcal	0.9	g	0.1	g	12	g	10	g			0.6	g	0	g	0	g			60	kcal																																																								unknown	e	16	d	39	1	2500	-5	-15	1	0	App - yuka, Apps, App - elcoco, App - El CoCo
8437015905495		fr				Dry smoothie													Dietox	dietox	"Aliments et boissons à base de végétaux, Boissons, Boissons à base de végétaux, Smoothies"	en:plant-based-foods-and-beverages,en:beverages,en:plant-based-beverages,en:smoothies	Sans gluten	en:no-gluten	France, Espagne	en:france,en:spain			0																										100g	100g			356	kcal	6.6	g	0.9	g	36.4	g	10.5	g			33.3	g	1	g	0.4	g			356	kcal																																																								unknown	e	21	d	39	1	2500	-5	-15	1	0	App - elcoco, App - yuka, Apps, App - El CoCo
5038862237826		fr				¡Que viene el coco! smoothie													Innocent	innocent	"Aliments et boissons à base de végétaux, Boissons, Boissons à base de végétaux, Smoothies"	en:plant-based-foods-and-beverages,en:beverages,en:plant-based-beverages,en:smoothies			France, Espagne	en:france,en:spain			0																										100g	100g			66	kcal	0.7	g	0.6	g	14	g	12	g			0.8	g	0	g	0	g			66	kcal																																																								unknown	e	18	d	39	1	2500	-5	-15	1	0	App - elcoco, App - yuka, Apps, App - El CoCo
