code	lc	product_name_ar	product_name_cs	product_name_de	product_name_en	product_name_es	product_name_fi	product_name_fr	product_name_it	product_name_nl	product_name_pt	generic_name_es	generic_name_fr	generic_name_pt	quantity	serving_size	packaging	packaging_tags	brands	brands_tags	brand_owner	categories	categories_tags	labels	labels_tags	countries	countries_tags	stores	stores_tags	obsolete	obsolete_since_date	periods_after_opening	periods_after_opening_tags	origins	origins_tags	origin_cs	manufacturing_places	manufacturing_places_tags	emb_codes	emb_codes_tags	ingredients_text_cs	ingredients_text_de	ingredients_text_en	ingredients_text_es	ingredients_text_fi	ingredients_text_fr	ingredients_text_it	ingredients_text_pt	allergens	allergens_tags	traces	traces_tags	nutrition_data_per	nutrition_data_prepared_per	energy-kj_value	energy-kj_unit	energy-kcal_value	energy-kcal_unit	fat_value	fat_unit	saturated-fat_value	saturated-fat_unit	carbohydrates_value	carbohydrates_unit	sugars_value	sugars_unit	fiber_value	fiber_unit	proteins_value	proteins_unit	salt_value	salt_unit	sodium_value	sodium_unit	energy_value	energy_unit	fruits-vegetables-nuts_value	fruits-vegetables-nuts_unit	fruits-vegetables-nuts-dried_value	fruits-vegetables-nuts-dried_unit	packaging_1_number_of_units	packaging_1_shape	packaging_1_material	packaging_1_recycling	packaging_1_quantity_per_unit	packaging_1_weight_measured	packaging_2_number_of_units	packaging_2_shape	packaging_2_material	packaging_2_recycling	packaging_2_weight_measured	packaging_3_number_of_units	packaging_3_shape	packaging_3_material	packaging_3_recycling	packaging_3_weight_measured	packaging_4_number_of_units	packaging_4_shape	nutriscore_grade_producer	link	off:food_groups	off:food_groups_tags	off:nova_groups	off:nova_groups_tags	off:nutriscore_grade	off:nutriscore_score	off:ecoscore_grade	off:ecoscore_score	off:ecoscore_data.missing_key_data	off:ecoscore_data.agribalyse.code	off:ecoscore_data.adjustments.origins_of_ingredients.value	off:ecoscore_data.adjustments.packaging.value	off:ecoscore_data.adjustments.packaging.non_recyclable_and_non_biodegradable_materials	off:ecoscore_data.adjustments.production_system.value	off:ecoscore_data.adjustments.threatened_species.value	data_sources
8480010255270	es					Mini mojicón de chocolate													Eroski	eroski		Botanas, Snacks dulces, Galletas y pasteles, Pasteles, Muffins, Pasteles de chocolate, Magdalenas de chocolate	en:snacks,en:sweet-snacks,en:biscuits-and-cakes,en:cakes,en:muffins,en:chocolate-cakes,en:chocolate-muffins	Sin grasas hidrogenadas, Nutriscore, Nutriscore D	en:no-hydrogenated-fats,en:nutriscore,en:nutriscore-grade-d	España	en:spain			0																							100g	100g			425	kcal	22	g	3.5	g	55	g	25	g			5.2	g	0.61	g	0.244	g	425	kcal																									en:biscuits-and-cakes	en:sugary-snacks,en:biscuits-and-cakes		unknown	d	15	d	27	1	23585	-5	-15	1	0		App - yuka, Apps
5060088707661	en		"Ovocno-oříšková raw tyčinka s borůvkami"			Nakd Blueberry Muffin		Blueberry muffin - Myrtilles				Barrita Arandanos	Barres tendre de fruits et noix, aux myrtilles		35 g	35 g	Plastic, Cardboard, Dry, Film, Sleeve	en:plastic,en:cardboard,en:dry,en:film,en:sleeve	Nakd	nakd	Lotus Bakeries	Plant-based foods and beverages, Plant-based foods, Snacks, Sweet snacks, Nuts and their products, Bars, Biscuits and cakes, Cakes, Cereal bars, Muffins, Fruit muffins, Fruits cereal bars, Nut bars, Blueberry muffins, fr:Barres aux fruits, fr:Barres de fruits & noix	en:plant-based-foods-and-beverages,en:plant-based-foods,en:snacks,en:sweet-snacks,en:nuts-and-their-products,en:bars,en:biscuits-and-cakes,en:cakes,en:cereal-bars,en:muffins,en:fruit-muffins,en:fruits-cereal-bars,en:nut-bars,en:blueberry-muffins,fr:barres-aux-fruits,fr:barres-de-fruits-noix	No gluten, Vegetarian, No preservatives, Source of fibre, Vegan, 100% natural, FSC, FSC Mix, Green Dot, Natural flavors, No added sugar, No artificial additives, No lactose, Without addition of dairy products	en:no-gluten,en:vegetarian,en:no-preservatives,en:source-of-fibre,en:vegan,en:100-natural,en:fsc,en:fsc-mix,en:green-dot,en:natural-flavors,en:no-added-sugar,en:no-artificial-additives,en:no-lactose,en:without-addition-of-dairy-products	Belgium, Czech Republic, France, Spain	en:belgium,en:czech-republic,en:france,en:spain	Carrefour,Carefour Market,E.Leclerc	carrefour,carefour-market,e-leclerc	0		6 months	en:6-months	Unspecified	en:unspecified	Datle nejsou z EU	Angleterre	angleterre	CNIK 3745 - 783	cnik-3745-783	"Datle (58%), kešu (15%), rozinky (15%), mandle (10%), borůvky (2%), přírodní aroma."		dates 58%, cashew nuts 15%, raisins 15%, almonds 10%, blue berries 2%, natural flavourings	Dátiles (58%), anacardos (15%), uvas pasas (15%), almendras (10%), arándanos (2%).		Dattes 59%, Raisins secs 15%, _Noix de cajou_ 14%, _Amandes_ 10%, Myrtilles Lyophilisées 1%, Arôme Naturel			Nuts	en:nuts	"Nuts, Peanuts, Soybeans, fr:Autres fruits à coques et petits morceaux de coquilles ou de noyaux"	en:nuts,en:peanuts,en:soybeans,fr:autres-fruits-a-coques-et-petits-morceaux-de-coquilles-ou-de-noyaux	100g	100g	1547	kJ	368	kcal	11	g	1.7	g	56	g	49	g	9.5	g	6.6	g	0.02	g	0.008	g	1547	kJ	99	g	99	g	4	en:film	en:plastic	en:recycle			1	en:sleeve	en:fsc-cardboard	en:recycle			en:packaging		en:recycle				b	https://nakd.fr/produits/raw-barres/myrtilles	en:biscuits-and-cakes	en:sugary-snacks,en:biscuits-and-cakes	4	en:4-ultra-processed-food-and-drink-products	b	1	c	52		23950	-5	-12	0	0		App - yuka, Apps, App - El CoCo, App - Open Food Facts, App - smoothie-openfoodfacts, Producers, Producer - lotus-bakeries
8480010194326	es					Magdalenas con pepitas de chocolate													Eroski	eroski		Botanas, Snacks dulces, en:Specific products, Galletas y pasteles, en:Products for specific diets, Pasteles, Productos sin gluten, Muffins, Pasteles de chocolate, en:Chocolate chip muffins	en:snacks,en:sweet-snacks,en:specific-products,en:biscuits-and-cakes,en:products-for-specific-diets,en:cakes,en:products-without-gluten,en:muffins,en:chocolate-cakes,en:chocolate-chip-muffins	Nutriscore, Nutriscore D	en:nutriscore,en:nutriscore-grade-d	España	en:spain			0																							100g	100g			444	kcal	27	g	5.5	g	47	g	29	g			3.5	g	0.5	g	0.2	g	444	kcal																									en:biscuits-and-cakes	en:sugary-snacks,en:biscuits-and-cakes		unknown	d	18	d	27	1	23585	-5	-15	1	0		App - yuka, Apps
4056489023647	fi						Mustikka muffinsit	Muffins aux myrtilles							4x90 g, 360 g		Muovi	en:plastic	Confiserie Firenze	confiserie-firenze		Naposteltavat, Makeat naposteltavat, Keksit ja kakut, Kakku, Muffinit, Hedelmämuffinit, Mustikkamuffinit, en:Biscuits et gâteaux, en:Gâteaux	en:snacks,en:sweet-snacks,en:biscuits-and-cakes,en:cakes,en:muffins,en:fruit-muffins,en:blueberry-muffins,en:biscuits-et-gateaux,en:gateaux	en:Vegetarisch	en:vegetarisch	Suomi, Espanja, en:francia	en:finland,en:spain,en:francia	Lidl	lidl	0															Vehnäjauho, sokeri, rapsiöljy, kananmuna, 10 % mustikka (alkuperä: muu kuin EU), rasvattomasta maidosta valmistettu jogurtti, kosteudensäilyttäjä (glyseroli), nostatusaineet (difosfaatit, natriumkarbonaatit), emulgointiaineet (rasvahappojen monoglyseridit, rasvahappojen diglyseridit, natriumstearoyyli-2-laktylaatti), happamuudensäätöaine (natriumasetaatit), happo (sitruunahappo), suola, sakeuttamisaine (ksantaanikumi), luontainen aromi. Saattaa sisältää pieniä määriä soijaa, pähkinää ja maapähkinää.	"Farine de blé, sucre, huile de colza, œuf* entier, 10% myrtilles, lait fermenté, humectant : glycérol ; poudres à lever : diphosphates, carbonates de sodium; émulsifiants : mono - et diglycérides d'acides gras, stéaroyl-2-lactylate de sodium ; correcteur d'acidité : acétates de sodium; acidifiant : acide citrique ; sel, épaississant: gomme xanthane; arôme naturel.

 *issu de poules élevées au sol."			Munat, Gluteeni	en:eggs,en:gluten	Pähkinät, Maapähkinät, Soija	en:nuts,en:peanuts,en:soybeans	100g	100g	1688	kJ	403	kcal	20.6	g	2.1	g	48.4	g	24	g			5.5	g	1.2	g	0.48	g	1688	kJ					1	fi:Rasia	en:rpet-recycled-polyethylene-terephthalate	fi:Muovinkeräys		14.35	1	en:tray	en:non-corrugated-cardboard	fi:Kartonkikeräys	8.93	1	fi:Kalvo	en:pa-polyamide	fi:Muovinkeräys	6.85	4	fi:Paperi			en:biscuits-and-cakes	en:sugary-snacks,en:biscuits-and-cakes	4	en:4-ultra-processed-food-and-drink-products	d	17	c	48		23950	-5	-15	1	0		App - yuka, Apps, App - elcoco, App - El CoCo, App - Open Food Facts, App - smoothie-openfoodfacts
40879895	en			Muffins Chocolate	Muffins tout choco			Muffins au chocolat		Choco muffins					1pak	90g	Plastic, Paper, Bag, Cardboard, Sheet, fr:Feuille en carton, fr:Feuille en papier, fr:Sachet en plastique	en:plastic,en:paper,en:bag,en:cardboard,en:sheet,fr:feuille-en-carton,fr:feuille-en-papier,fr:sachet-en-plastique	Mcennedy,Lidl	mcennedy,lidl		Snacks, Sweet snacks, Biscuits and cakes, Cakes, Muffins, Chocolate cakes, Chocolate muffins	en:snacks,en:sweet-snacks,en:biscuits-and-cakes,en:cakes,en:muffins,en:chocolate-cakes,en:chocolate-muffins	Sustainable farming, Made in Germany, Rainforest Alliance, UTZ Certified, UTZ Certified Cocoa	en:sustainable-farming,en:made-in-germany,en:rainforest-alliance,en:utz-certified,en:utz-certified-cocoa	France, Germany, Spain	en:france,en:germany,en:spain	Lidl	lidl	0							Allemagne	allemagne					sugar, wheat flour, rapeseed oil, egg, chocolate chips (sugar, cocoa paste, cocoa butter, lean cocoa powder, emulsifier: lecithins (sunflower)), humidecting glycerol, water, 2% lean cocoa powder, wheat starch, baking powders, diphosphates, sodium carbonates, rice flour, emulsifiers: mono - and fatty acid diglycerides, stéaroyl-2-lactylate sodium, sodium ,' natural aroma, acidifying: citric acid, cooking salt, thickening xanthan gum, cocoa chocolate chips:  40% minimum, from ground-raised hens, vegetable, may contain traces of milk, soy, frui, nuts and peanuts,			"Sucre, farine de blé, huile de colza, œuf entier, 11% pépites de chocolat (sucre, pâte de cacao, beurre de cacao, cacao maigre en poudre, émulsifiant : lécithines), humectant : glycérol ; eau, 2% cacao maigre en poudre, amidon de blé, farine de riz, émulsifiants : mono - et diglycérides d'acides gras, stéaroyl-2-lactylate de sodium ; poudres à lever : diphosphates, carbonates de sodium ; correcteur d'acidité : acétates de sodium ; arôme naturel, acidifiant : acide citrique ; sel de cuisine, épaississant : gomme xanthane."			Eggs, Gluten	en:eggs,en:gluten	Milk, Nuts, Peanuts, Soybeans	en:milk,en:nuts,en:peanuts,en:soybeans	100g	100g			409	kcal	21.1	g	4	g	47.8	g	26.9	g			5.7	g	1.15	g	0.46	g	409	kcal						en:bag	en:plastic					en:sheet	en:cardboard				en:sheet	en:paper							en:biscuits-and-cakes	en:sugary-snacks,en:biscuits-and-cakes	4	en:4-ultra-processed-food-and-drink-products	d	18	c	52		23585	-5	-10	1	20		App - yuka, Apps, App - elcoco, App - El CoCo, App - InFood, App - Open Food Facts, App - Speisekammer
2968558002656	es					Muffins choco									4 x 65 g				Schar	schar		Botanas, Snacks dulces, Galletas y pasteles, Pasteles, Muffins	en:snacks,en:sweet-snacks,en:biscuits-and-cakes,en:cakes,en:muffins	Sin gluten, Sin lactosa	en:no-gluten,en:no-lactose	España	en:spain			0																							100g	100g			411	kcal	20	g	3.9000000953674	g	51	g	27	g			5.3000001907349	g	0.76999998092651	g	0.307999992370604	g	411	kcal																									en:biscuits-and-cakes	en:sugary-snacks,en:biscuits-and-cakes		unknown	d	16	unknown		1		-5	-15	1	0		App - yuka, Apps
8433329128582	es					Minimagdalenas artesanas con pepitas de chocolate													El Corte Inglés	el-corte-ingles		Botanas, Snacks dulces, Galletas y pasteles, Pasteles, Muffins, en:Chocolate chip muffins	en:snacks,en:sweet-snacks,en:biscuits-and-cakes,en:cakes,en:muffins,en:chocolate-chip-muffins	Sin lactosa	en:no-lactose	España	en:spain	El Corte Inglés	el-corte-ingles	0																							100g	100g	1843	kJ	441	kcal	24	g	5.1	g	51	g	23	g			5.4	g	0.55	g	0.22	g	1843	kJ																									en:biscuits-and-cakes	en:sugary-snacks,en:biscuits-and-cakes		unknown	d	17	unknown		1		-5	-15	1	0		App - yuka, Apps
8410087291741	es					Muffins cacao con pepitas de chocolate										75 g			Dulcesol,Dulcesol Black	dulcesol,dulcesol-black		Botanas, Snacks dulces, Galletas y pasteles, Pasteles, Muffins	en:snacks,en:sweet-snacks,en:biscuits-and-cakes,en:cakes,en:muffins			España	en:spain			0														Harina de _trigo_, aceite de girasol, azúcar, _huevo_, pepitas de chocolate 7% (azúcar, pasta de cacao, manteca de cacao, emulgente (lecitina de _soja_), aroma, cacao 44 %, humectantes (E420, E422), gasificantes (E500, E334 y E450), cacao desgrasado en polvo 1 %, _leche_ en polvo, inulina, fibra de avena, aromas, espesante (E412), sal.					Huevos, Gluten, Leche, Soja	en:eggs,en:gluten,en:milk,en:soybeans	Frutos de cáscara, Granos de sésamo	en:nuts,en:sesame-seeds	100g	serving	1925	kJ	461	kcal	26	g	1.1	g	51	g	27	g	1.6	g	4.9	g	1.1	g	0.44	g	1925	kJ																									en:biscuits-and-cakes	en:sugary-snacks,en:biscuits-and-cakes	4	en:4-ultra-processed-food-and-drink-products	d	14	unknown		1		-5	-15	1	0		App - yuka, Apps, App - El CoCo
8437022276045	es					Mini magdalenas rellenas de chocolate y avellanas									200 g				Abuela Manuela	abuela-manuela		Botanas, Snacks dulces, Galletas y pasteles, Pasteles, Muffins, Pasteles de chocolate, Magdalenas, Magdalenas de chocolate	en:snacks,en:sweet-snacks,en:biscuits-and-cakes,en:cakes,en:muffins,en:chocolate-cakes,en:madeleines,en:chocolate-muffins	Vegetariano, Sin aceite de palma, Sin ácidos grasos trans	en:vegetarian,en:no-palm-oil,en:no-trans-fat	España	en:spain			0														"Harina de TRICO, azúcar, aceite de girasol, HUEVO pasteurizado, Crema de chocolatey AVELLANA 15% [jarabe de glucosay fructosa, azúcar, agua, chocolate negro 8% (pasta de cacao, azúcar, manteca de cacao, emulgente (lecitina de SOJA), aroma natural], estabilizante (glicerina), almidón modificado, dextrosa, polvo de cacao desgrasado, pasta de AVELLANA, espesantes (celulosa microcristalina, carboximetilcelulosa de sodio), emulgente (monoy diglicéridos de ácidos grasos), sal, aromas, corrector de acidez (ácido tartárico), conservante (sorbato potásico)], humectante (glicerina, sorbitol), jarabe de glucosay fructosa, gasificantes (pirofosfato ácido de sodio, bicarbonato sódico), conservante (ácido sórbico), acidulante (ácido láctico), aroma, espesante (goma xantana). Contiene GLUTEN, HUEVO, FRUTOS DE CASCARA, SOJA. Puede contener trazas de otros FRUTOS DE CÁSCARA LECHE."					Huevos, Gluten, Frutos de cáscara, Soja	en:eggs,en:gluten,en:nuts,en:soybeans			100g	100g	1780	kJ	425	kcal	21.6	g	3.58	g	54.98	g	25	g			5.28	g	0.6	g	0.24	g	1780	kJ																									en:biscuits-and-cakes	en:sugary-snacks,en:biscuits-and-cakes	4	en:4-ultra-processed-food-and-drink-products	d	15	c	58	1	24632	-5	-15	1	0		App - yuka, Apps
5602349000243	es					Magdalenas de chocolate																Botanas, Snacks dulces, Galletas y pasteles, Pasteles, Muffins, Pasteles de chocolate, Magdalenas, Magdalenas de chocolate	en:snacks,en:sweet-snacks,en:biscuits-and-cakes,en:cakes,en:muffins,en:chocolate-cakes,en:madeleines,en:chocolate-muffins			España	en:spain			0																							100g	100g																	1.2	g	0.48	g																											en:biscuits-and-cakes	en:sugary-snacks,en:biscuits-and-cakes		unknown	unknown		c	58	1	24632	-5	-15	1	0		App - yuka, Apps
8431216009181	es					Magdalenas de chocolate																Botanas, Snacks dulces, Galletas y pasteles, Pasteles, Muffins, Pasteles de chocolate, Magdalenas, Magdalenas de chocolate	en:snacks,en:sweet-snacks,en:biscuits-and-cakes,en:cakes,en:muffins,en:chocolate-cakes,en:madeleines,en:chocolate-muffins			España	en:spain			0																							100g	100g			460	kcal	25.01	g	6.5	g	52	g	27.8	g			5.8	g	0.7	g	0.28	g	460	kcal																									en:biscuits-and-cakes	en:sugary-snacks,en:biscuits-and-cakes		unknown	e	20	c	58	1	24632	-5	-15	1	0		App - yuka, Apps
8412997001663	ar	Magdalenas concha													100g				arenas	arenas		"en:Snacks, en:Sweet snacks, en:Biscuits and cakes, كعك, Muffins, Madeleines"	en:snacks,en:sweet-snacks,en:biscuits-and-cakes,en:cakes,en:muffins,en:madeleines			"إسبانيا"	en:spain			0																							100g	100g			433	kcal	21.9	g	6.6	g	53.9	g	23.2	g	1.7	g	5.1	g	0.8	g	0.32	g	433	kcal																									en:biscuits-and-cakes	en:sugary-snacks,en:biscuits-and-cakes		unknown	d	18	c	58	1	24632	-5	-15	1	0		App - yuka, Apps, App - smoothie-openfoodfacts
8437013877671	es					Mini magdalenas de chocolate													Casa Tio	casa-tio		Botanas, Snacks dulces, Galletas y pasteles, Pasteles, Muffins, Pasteles de chocolate, Magdalenas, Magdalenas de chocolate	en:snacks,en:sweet-snacks,en:biscuits-and-cakes,en:cakes,en:muffins,en:chocolate-cakes,en:madeleines,en:chocolate-muffins	Punto Verde	en:green-dot	España	en:spain			0																							100g	100g			405	kcal	18.1	g	3.3	g	56	g	27	g			4.4	g	0.81	g	0.324	g	405	kcal																									en:biscuits-and-cakes	en:sugary-snacks,en:biscuits-and-cakes		unknown	d	16	c	58	1	24632	-5	-15	1	0		App - yuka, Apps
8480000849007	es					Magdalenas de chocolate																Botanas, Snacks dulces, Galletas y pasteles, Pasteles, Muffins, Magdalenas, en:Chocolate chip muffins	en:snacks,en:sweet-snacks,en:biscuits-and-cakes,en:cakes,en:muffins,en:madeleines,en:chocolate-chip-muffins			España	en:spain			0																							100g	100g			438	kcal	26	g	12	g	43	g	27	g	2	g	5.8	g	0.7	g	0.28	g	438	kcal																									en:biscuits-and-cakes	en:sugary-snacks,en:biscuits-and-cakes		unknown	e	21	c	58	1	24632	-5	-15	1	0		App - Yuka, Apps
8436026539514	fr							Mini Magdalenas Marmol							325 g				Musfi's	musfi-s		Snacks, Snacks sucrés, Biscuits et gâteaux, Gâteaux, Muffins, Madeleines	en:snacks,en:sweet-snacks,en:biscuits-and-cakes,en:cakes,en:muffins,en:madeleines	Point Vert	en:green-dot	France, Espagne	en:france,en:spain			0																Harina de trigo, azúcar, aceite vegetal (girasol), agua, huevo suero de leche, cacao en polvo, humectante (glicerina), conservante (E-200, E-202, E-270), gasificante (E-450, E - 500ii), estabilizante (goma de guar), aroma de limón y sal. Contiene huevo, soja, glúten y derivados lácteos. Puede contener trazas de semillas de amapola y lino, de frutos secos de cáscara dura y cacahuete.			Soja	en:soybeans			100g	100g	1920	kJ	457	kcal	27.6	g	3.4	g	46.6	g	28.3	g	1.5	g	5.6	g	0.55	g	0.22	g	1920	kJ																									en:biscuits-and-cakes	en:sugary-snacks,en:biscuits-and-cakes	4	en:4-ultra-processed-food-and-drink-products	d	15	c	58	1	24632	-5	-15	1	0		App - elcoco, App - yuka, Apps, App - El CoCo
8433329064071	es					Muffins doble chocolate													El Corte Inglés	el-corte-ingles		Botanas, Snacks dulces, Galletas y pasteles, Pasteles, Muffins	en:snacks,en:sweet-snacks,en:biscuits-and-cakes,en:cakes,en:muffins			España	en:spain	El Corte Inglés	el-corte-ingles	0																							100g	100g																																															en:biscuits-and-cakes	en:sugary-snacks,en:biscuits-and-cakes		unknown	unknown		unknown		1		-5	-15	1	0		App - elcoco, Apps, App - El CoCo
232849000000100240002409	es					Magdalenas de chocolate													Mercadona	mercadona		Botanas, Snacks dulces, Galletas y pasteles, Pasteles, Muffins, en:Chocolate chip muffins	en:snacks,en:sweet-snacks,en:biscuits-and-cakes,en:cakes,en:muffins,en:chocolate-chip-muffins			España	en:spain			0																							100g	100g			438	kcal	26	g	12	g	43	g	27	g	2	g	5.8	g	0.7	g	0.28	g	438	kcal																									en:biscuits-and-cakes	en:sugary-snacks,en:biscuits-and-cakes		unknown	e	21	unknown		1		-5	-15	1	0		App - Yuka, Apps
20996147	fr			Chocolate-Chip Muffins				Muffins aux pepites de chocolat noir							360 g				Confiserie Firenze	confiserie-firenze		Snacks, Desserts, Snacks sucrés, Biscuits et gâteaux, Gâteaux, Muffins, Gâteaux au chocolat, Muffins aux pépites de chocolat, Muffins au chocolat	en:snacks,en:desserts,en:sweet-snacks,en:biscuits-and-cakes,en:cakes,en:muffins,en:chocolate-cakes,en:chocolate-chip-muffins,en:chocolate-muffins	Agriculture durable, Fabriqué en Allemagne, Nutriscore, Certifié UTZ	en:sustainable-farming,en:made-in-germany,en:nutriscore,en:utz-certified	France, Allemagne, Espagne	en:france,en:germany,en:spain	Lidl	lidl	0												Weizenmehl, Zucker, Rapsöl, Vollei, 11% Schokoladenstücke (Zucker, Kakaomasse, Kakaobutter, fettarmes Kakaopulver, Emulgator: Lecithine), Feuchthaltemittel: Glycerin; Weizenstärke, Wasser, Reismehl, Emulgatoren: Mono - und Diglyceride von Speisefettsäuren, Natriumstearoyl-2-lactylat; Backtriebmittel: Diphosphate, Natriumcarbonate; Säureregulator: Natriumacetate; Säuerungsmittel: Citronensäure; Speisesalz, natürliches Aroma, Verdickungsmittel: Xanthan				"farine de blé, sucre, huile de colza, œuf entier*, 11% pépites de chocolat (sucre, pâte de cacao, beurre de cacao, cacao maigre en poudre, émulsifiant : lécithines (tournesol)), humectant : glycérol ; amidon de blé, eau, poudres à lever : diphosphates, carbonates de sodium ; farine de riz, émulsifiants : mono - et diglycérides d’acides gras**, stéaroyl-2-lactylate de sodium ; correcteur d’acidité : acétates de sodium ; acidifiant : acide citrique ; sel, arôme naturel, épaississant : gomme xanthane. * issu de poules élevées au sol. ** d'origine végétale. Traces éventuelles de lait, de soja, de fruits à coque et d'arachides."			Gluten	en:gluten	"Lait, Fruits à coque, Arachides, Soja"	en:milk,en:nuts,en:peanuts,en:soybeans	100g	100g	1716	kJ	410	kcal	20.4	g	3.5	g	50.6	g	24	g			5.2	g	1.14	g	0.456	g	1716	kJ																									en:biscuits-and-cakes	en:sugary-snacks,en:biscuits-and-cakes	4	en:4-ultra-processed-food-and-drink-products	d	18	d	37	1	23585	-5	-15	1	10		App - elcoco, App - yuka, Apps, App - El CoCo, App - smoothie-openfoodfacts
6953844569223	es														180 g				Biocop	biocop		Botanas, Snacks dulces, Galletas y pasteles, Pasteles, Muffins, Pasteles de chocolate, Magdalenas de chocolate	en:snacks,en:sweet-snacks,en:biscuits-and-cakes,en:cakes,en:muffins,en:chocolate-cakes,en:chocolate-muffins	Ecológico, Ecológico UE, FR-BIO-01, Punto Verde	en:organic,en:eu-organic,en:fr-bio-01,en:green-dot	España	en:spain			0														HUEVOS enteros; harina de TRIGO&quot;: chocolate Negro de comercio justo (22 %) (Pasta de cacao&quot;, adica de cala Manteca de cacao&quot;, extracto de vainilla&quot;); azúcar Moreno de caña de comercio justo&quot;: aceite de girasol oleico desodolando azúcar de coña invertido&quot;: Roma NatuRal de vainilla&quot; (alcohol, vaiNiLLa&quot;); Polvos de hotwear (bitartrato de Potasio, biceboweto de sodio); sal Maatiaidente: extracto de RoMeRo. &quot;De agricultura biológica. Puede contener trazas de: Leche, frutos secos con cáscara, soja, cacahuetes y sésamo.					Huevos, Gluten	en:eggs,en:gluten	Frutos de cáscara, Cacahuetes, Granos de sésamo, Soja	en:nuts,en:peanuts,en:sesame-seeds,en:soybeans	100g	100g	757	kJ	421	kcal	24.1	g	7.2	g	43.1	g	25.9	g	2.2	g	6.7	g	0.5	g	0.2	g	757	kJ																									en:biscuits-and-cakes	en:sugary-snacks,en:biscuits-and-cakes	3	en:3-processed-foods	d	14	c	42	1	23585	-5	-15	1	15		App - smoothie-openfoodfacts, Apps
8436574640403	es					Muffins de vainilla con choco chips													Airos	airos		Botanas, Snacks dulces, Galletas y pasteles, Pasteles, Muffins	en:snacks,en:sweet-snacks,en:biscuits-and-cakes,en:cakes,en:muffins	Sin gluten	en:no-gluten	España	en:spain			0																							100g	100g																																															en:biscuits-and-cakes	en:sugary-snacks,en:biscuits-and-cakes		unknown	unknown		unknown		1		-5	-15	1	0		
8436541920606	es					Magdalenas con pepitas de chocolate									300 g				Sinblat	sinblat		Botanas, Snacks dulces, en:Specific products, Galletas y pasteles, en:Products for specific diets, Pasteles, Productos sin gluten, Muffins, en:Chocolate chip muffins	en:snacks,en:sweet-snacks,en:specific-products,en:biscuits-and-cakes,en:products-for-specific-diets,en:cakes,en:products-without-gluten,en:muffins,en:chocolate-chip-muffins	Sin gluten, Sin lactosa	en:no-gluten,en:no-lactose	España	en:spain			0																							100g	100g			380	kcal	18.799999237061	g	3.7000000476837	g	47.799999237061	g	27.5	g			4.8000001907349	g	1.2599999904633	g	0.50399999618532	g	380	kcal																									en:biscuits-and-cakes	en:sugary-snacks,en:biscuits-and-cakes		unknown	d	18	unknown		1		-5	-15	1	0		App - yuka, Apps
8437008666778	es					Magdalena de chocolate									220 g							Botanas, Snacks dulces, Galletas y pasteles, Pasteles, Muffins, Pasteles de chocolate, Magdalenas de chocolate	en:snacks,en:sweet-snacks,en:biscuits-and-cakes,en:cakes,en:muffins,en:chocolate-cakes,en:chocolate-muffins	Sin gluten, Sin lactosa	en:no-gluten,en:no-lactose	España	en:spain			0																							100g	100g			427	kcal	23	g	3.3	g	50.4	g	45	g			3.1	g	10.35	g	4.14	g	427	kcal																									en:biscuits-and-cakes	en:sugary-snacks,en:biscuits-and-cakes		unknown	e	27	d	27	1	23585	-5	-15	1	0		App - Yuka, Apps
8410387100231	es					Magdalena con pepitas choco																Botanas, Snacks dulces, Galletas y pasteles, Pasteles, Muffins, en:Chocolate chip muffins	en:snacks,en:sweet-snacks,en:biscuits-and-cakes,en:cakes,en:muffins,en:chocolate-chip-muffins			España	en:spain			0																							100g	100g			433	kcal	23	g	5.3	g	49	g	31	g			5.1	g	0.68	g	0.272	g	433	kcal																									en:biscuits-and-cakes	en:sugary-snacks,en:biscuits-and-cakes		unknown	e	19	unknown		1		-5	-15	1	0		App - yuka, Apps
8412600013427	es					Magdalena con pepitas de chocolate																Botanas, Snacks dulces, Galletas y pasteles, Pasteles, Muffins, en:Chocolate chip muffins	en:snacks,en:sweet-snacks,en:biscuits-and-cakes,en:cakes,en:muffins,en:chocolate-chip-muffins	Punto Verde	en:green-dot	España	en:spain			0																							100g	100g																																															en:biscuits-and-cakes	en:sugary-snacks,en:biscuits-and-cakes		unknown	unknown		unknown		1		-5	-15	1	0		App - elcoco, Apps, App - El CoCo
8422823549191	es					Mini magdalenas pepitas de chocolate									300 g				Coviran	coviran		Botanas, Snacks dulces, Galletas y pasteles, Pasteles, Muffins, en:Chocolate chip muffins	en:snacks,en:sweet-snacks,en:biscuits-and-cakes,en:cakes,en:muffins,en:chocolate-chip-muffins			España	en:spain			0																							100g	100g			436	kcal	22	g	11.4	g	54	g	19.6	g			5.6	g	0.72	g	0.288	g	436	kcal																									en:biscuits-and-cakes	en:sugary-snacks,en:biscuits-and-cakes		unknown	e	22	unknown		1		-5	-15	1	0		App - elcoco, Apps, App - yuka, App - El CoCo
8424465929126	es					Muffins Realfooding																Botanas, Snacks dulces, Galletas y pasteles, Pasteles, Muffins	en:snacks,en:sweet-snacks,en:biscuits-and-cakes,en:cakes,en:muffins	Ecológico	en:organic	España	en:spain			0														"Huevo pasteurizado, harina de TRIGO espelta integral 21%, aceite de oliva virgen extra 15%, pasta de dátil, agua, chocolate
(cacao 85% mínimo) 3,9% (pasta de cacao, azúcar de coco**, manteca de cacao**, emulgente (E322)**), NUECES, cáscara de naranja, canela, copos
de AVENA, semillas de linaza dorada 0,4%, semillas de linaza marrón 0,4%, semillas de girasol 0,4%, semillas de chía 0,4%, sal, gasificantes (E450,
E500), almidón de TRIGO. **Ecológico"					Huevos, Gluten, Frutos de cáscara	en:eggs,en:gluten,en:nuts			100g	100g	1465	kJ	352	kcal	23	g	3.7	g	27	g	9.7	g	5.2	g	7.3	g	1.3	g	0.52	g	1465	kJ																									en:biscuits-and-cakes	en:sugary-snacks,en:biscuits-and-cakes	4	en:4-ultra-processed-food-and-drink-products	c	9	unknown		1		-5	-15	1	0		
8437011987044	es					Mojicones pepitas									240 g				Luna	luna		Botanas, Snacks dulces, Galletas y pasteles, Pasteles, Muffins, en:Chocolate chip muffins	en:snacks,en:sweet-snacks,en:biscuits-and-cakes,en:cakes,en:muffins,en:chocolate-chip-muffins			España	en:spain	Ahorramás	ahorramas	0							España	espana					wheat flour, sugar, sunflower oil, pasteurized egg, substitute chips 9% (sugar, fully hydrogenated vegetable fat (palm kernel), defatted cocoa powder, sunflower oil, emulsifier e322 (soybean), natural vanilla flavouring), stabilizer e422, stabilizer e420i, glucose/fructose, gasifier e450i, gasifier e500ii, preservative e270, preservative e202, salt, flavorings, corn starch, emulsifier e471, thickener e415,	harina de _trigo_, azúcar, aceite de girasol, _huevo_ pasteurizado, chips sucedáneos 9% (azúcar, grasa vegetal totalmente hidrogenada (palmiste), cacao desgrasado en polvo, aceite girasol, emulgente E322 (_soja_), aroma natural de vainilla), estabilizador E422, estabilizador E420i, glucosa/fructosa, gasificante E450i, gasificante E500ii, conservador E270, conservador E202, sal, aromas, almidón de maíz, emulsionante E471, espesante E415,					Huevos, Gluten, Soja	en:eggs,en:gluten,en:soybeans			100g	100g	1745.3	kJ	416	kcal	19.4	g	3.5	g	55.8	g	28.28	g			4.18	g	0.55	g	0.22	g	1745.3	kJ																									en:biscuits-and-cakes	en:sugary-snacks,en:biscuits-and-cakes	4	en:4-ultra-processed-food-and-drink-products	d	16	unknown		1		-5	-15	1	0	-10	App - yuka, Apps, App - InFood
14042522	es					Bio-muffins aux chips de chocolat													Heras Bareche	heras-bareche		Botanas, Snacks dulces, Galletas y pasteles, Pasteles, Muffins, Pasteles de chocolate, en:Chocolate chip muffins	en:snacks,en:sweet-snacks,en:biscuits-and-cakes,en:cakes,en:muffins,en:chocolate-cakes,en:chocolate-chip-muffins			España	en:spain			0																							100g	100g			427	kcal	19	g	4.2	g	58.1	g	33.9	g			5	g	0.7	g	0.28	g	427	kcal																									en:biscuits-and-cakes	en:sugary-snacks,en:biscuits-and-cakes		unknown	e	19	d	27	1	23585	-5	-15	1	0		App - yuka, Apps
9870002802145	es					Magdalenas chocolate													e.leclerc	e-leclerc		Botanas, Snacks dulces, Galletas y pasteles, Pasteles, Muffins, Pasteles de chocolate, en:Chocolate chip muffins	en:snacks,en:sweet-snacks,en:biscuits-and-cakes,en:cakes,en:muffins,en:chocolate-cakes,en:chocolate-chip-muffins	Punto Verde	en:green-dot	España	en:spain			0																							100g	100g			364	kcal	19	g	3.5	g	42	g	20	g			4.5	g	0.49	g	0.196	g	364	kcal																									en:biscuits-and-cakes	en:sugary-snacks,en:biscuits-and-cakes		unknown	d	13	d	27	1	23585	-5	-15	1	0		App - yuka, Apps
8008698032824	es					Magdalenas con pepitas de chocolate													Schär	schar		Botanas, Snacks dulces, en:Specific products, Galletas y pasteles, en:Products for specific diets, Pasteles, Productos sin gluten, Muffins, Pasteles de chocolate, en:Chocolate chip muffins	en:snacks,en:sweet-snacks,en:specific-products,en:biscuits-and-cakes,en:products-for-specific-diets,en:cakes,en:products-without-gluten,en:muffins,en:chocolate-cakes,en:chocolate-chip-muffins			España	en:spain			0																							100g	100g			428	kcal	21	g	4.2	g	54	g	30	g			4.8	g	0.81	g	0.324	g	428	kcal																									en:biscuits-and-cakes	en:sugary-snacks,en:biscuits-and-cakes		unknown	d	18	d	27	1	23585	-5	-15	1	0		App - yuka, Apps
8435048228352	es					Magdalena chocolate																Botanas, Snacks dulces, Galletas y pasteles, Pasteles, Muffins, en:Chocolate chip muffins	en:snacks,en:sweet-snacks,en:biscuits-and-cakes,en:cakes,en:muffins,en:chocolate-chip-muffins	Punto Verde	en:green-dot	España	en:spain			0																							100g	100g			431	kcal	23	g	5.5	g	49	g	22	g	0	g	5.3	g	1.19	g	0.476	g	431	kcal																									en:biscuits-and-cakes	en:sugary-snacks,en:biscuits-and-cakes		unknown	e	19	unknown		1		-5	-15	1	0		App - Yuka, Apps
8410368041225	es					Muffins																Botanas, Snacks dulces, Galletas y pasteles, Pasteles, Muffins, en:Chocolate chip muffins	en:snacks,en:sweet-snacks,en:biscuits-and-cakes,en:cakes,en:muffins,en:chocolate-chip-muffins	Punto Verde	en:green-dot	España	en:spain			0																							100g	100g			407	kcal	21	g	4.7	g	51	g	27	g			5	g	1	g	0.4	g	407	kcal																									en:biscuits-and-cakes	en:sugary-snacks,en:biscuits-and-cakes		unknown	d	18	unknown		1		-5	-15	1	0		App - yuka, Apps
232849000000100190001903	es					Magdalenas de chocolate																Botanas, Snacks dulces, Galletas y pasteles, Pasteles, Muffins, en:Chocolate chip muffins	en:snacks,en:sweet-snacks,en:biscuits-and-cakes,en:cakes,en:muffins,en:chocolate-chip-muffins			España	en:spain			0																							100g	100g			438	kcal	26	g	12	g	43	g	27	g	2	g	5.8	g					438	kcal																									en:biscuits-and-cakes	en:sugary-snacks,en:biscuits-and-cakes		unknown	unknown		unknown		1		-5	-15	1	0		App - Yuka, Apps
8437020608039	es					Magdalena con pepitas de chocolate													veggie maai	veggie-maai		Botanas, Snacks dulces, Galletas y pasteles, Pasteles, Muffins, en:Chocolate chip muffins	en:snacks,en:sweet-snacks,en:biscuits-and-cakes,en:cakes,en:muffins,en:chocolate-chip-muffins			España	en:spain			0																							100g	100g			307.21	kcal	11.35	g	1.46	g	48.64	g			2.61	g	4.44	g	0.02	g	0.008	g	307.21	kcal																									en:biscuits-and-cakes	en:sugary-snacks,en:biscuits-and-cakes		unknown	unknown		unknown		1		-5	-15	1	0		App - yuka, Apps
8435042110660	es					Mini magdalenas con pepitas de chocolate									250 g				Don Dulce	don-dulce		Botanas, Snacks dulces, Galletas y pasteles, Pasteles, Muffins, en:Chocolate chip muffins	en:snacks,en:sweet-snacks,en:biscuits-and-cakes,en:cakes,en:muffins,en:chocolate-chip-muffins			España	en:spain			0														Harina de TRIGO, aceite vegetal (soja), azúcar, HUEVOS, pepitas de chocolate 12,5% (azúcar, pasta de cacao, manteca de cacao, emulgente: lecitina de SOJA), humectantes (glicerina, sorbitol), dextrosa, gasificantes (carbonato de sodio, difosfato ácido cítrico), conservador (sorbato potásico), sal y aromas. Contiene: Gluten, huevo, y soja. Puede contener trazas de leche.				Farinha de TRIGO, óleo vegetal (soja), açúcar, OVOS, pepitas de chocolate 12,5%[açúcar, licor de cacau, manteiga de cacau, emulsionante: lecitina de SOJA), humidificantes (glicerol, sorbitóis), dextrose, levedantes (carbonatos de sodio, difosfatos e ácido cítrico), conservante (sorbato de potássio), sal e aromas Comém: Glúten, ovo, y soja. Pode conter vestígios de leite.	Huevos, Gluten, Soja	en:eggs,en:gluten,en:soybeans	Gluten, Leche, Soja	en:gluten,en:milk,en:soybeans	100g	100g	1798	kJ	428	kcal	22.5	g	5	g	50.3	g	22.4	g			4.7	g	0.7	g	0.28	g	1798	kJ																									en:biscuits-and-cakes	en:sugary-snacks,en:biscuits-and-cakes	4	en:4-ultra-processed-food-and-drink-products	d	16	unknown		1		-5	-15	1	0		App - yuka, Apps, App - smoothie-openfoodfacts
8437000908036	es					Magdalenas de chocolate									250 g							Botanas, Snacks dulces, Galletas y pasteles, Pasteles, Muffins, Pasteles de chocolate, Magdalenas, en:Chocolate madeleines, Magdalenas de chocolate	en:snacks,en:sweet-snacks,en:biscuits-and-cakes,en:cakes,en:muffins,en:chocolate-cakes,en:madeleines,en:chocolate-madeleines,en:chocolate-muffins			España	en:spain			0																							100g	100g			437	kcal	26.55	g	8.12	g	42.23	g	4.49	g			7.42	g	0.44	g	0.176	g	437	kcal																									en:biscuits-and-cakes	en:sugary-snacks,en:biscuits-and-cakes		unknown	d	14	d	28	1	24631	-5	-15	1	0		App - yuka, Apps
8437008666310	es					Magdalenas chocolate									350 g							Botanas, Snacks dulces, Galletas y pasteles, Pasteles, Muffins, Pasteles de chocolate, Magdalenas, Magdalenas de chocolate	en:snacks,en:sweet-snacks,en:biscuits-and-cakes,en:cakes,en:muffins,en:chocolate-cakes,en:madeleines,en:chocolate-muffins	Sin gluten, Sin lactosa	en:no-gluten,en:no-lactose	España	en:spain			0																							100g	100g			427	kcal	23	g	3.3	g	50.4	g	24.5	g			3.1	g	0.42	g	0.168	g	427	kcal																									en:biscuits-and-cakes	en:sugary-snacks,en:biscuits-and-cakes		unknown	d	14	c	58	1	24632	-5	-15	1	0		App - Yuka, Apps
8437008075716	es					Magdalenas de chocolate																Botanas, Snacks dulces, Galletas y pasteles, Pasteles, Muffins, Pasteles de chocolate, Magdalenas, en:Chocolate madeleines, Magdalenas de chocolate	en:snacks,en:sweet-snacks,en:biscuits-and-cakes,en:cakes,en:muffins,en:chocolate-cakes,en:madeleines,en:chocolate-madeleines,en:chocolate-muffins			España	en:spain			0																							100g	100g			455	kcal	26.4	g	3.39	g	48	g	23.04	g			7.5	g	0	g	0	g	455	kcal																									en:biscuits-and-cakes	en:sugary-snacks,en:biscuits-and-cakes		unknown	d	13	d	28	1	24631	-5	-15	1	0		App - yuka, Apps
8436529600551	es					Magdalenas de chocolate																Botanas, Snacks dulces, Galletas y pasteles, Pasteles, Muffins, Pasteles de chocolate, Magdalenas, en:Chocolate madeleines, Magdalenas de chocolate	en:snacks,en:sweet-snacks,en:biscuits-and-cakes,en:cakes,en:muffins,en:chocolate-cakes,en:madeleines,en:chocolate-madeleines,en:chocolate-muffins	Ecológico, Ecológico UE, ES-ECO-025-NA	en:organic,en:eu-organic,en:es-eco-025-na	España	en:spain			0																							100g	100g																																															en:biscuits-and-cakes	en:sugary-snacks,en:biscuits-and-cakes		unknown	unknown		c	43	1	24631	-5	-15	1	15		App - yuka, Apps
8414247000426	es					Muffins chocolate																Botanas, Snacks dulces, Galletas y pasteles, Pasteles, Muffins, Pasteles de chocolate, Magdalenas de chocolate	en:snacks,en:sweet-snacks,en:biscuits-and-cakes,en:cakes,en:muffins,en:chocolate-cakes,en:chocolate-muffins			España	en:spain			0																							100g	100g			454	kcal	27.1	g	3.9	g	45	g	20.7	g			6.4	g	0.8	g	0.32	g	454	kcal																									en:biscuits-and-cakes	en:sugary-snacks,en:biscuits-and-cakes		unknown	d	15	d	27	1	23585	-5	-15	1	0		App - yuka, Apps, App - El CoCo
8008698014035	en				Muffins choco			Muffins choco					Muffins au chocolat		260 g	Un muffin 65g	Plastic	en:plastic	Schär	schar		Snacks, Sweet snacks, Biscuits and cakes, Cakes, Muffins, Chocolate cakes, Chocolate muffins	en:snacks,en:sweet-snacks,en:biscuits-and-cakes,en:cakes,en:muffins,en:chocolate-cakes,en:chocolate-muffins	No gluten, Crossed Grain Trademark, FACE, fr:IT-016-224	en:no-gluten,en:crossed-grain-trademark,es:face,fr:it-016-224	France, Spain	en:france,en:spain			0													eggs , sunflower oil, sugar, rice flour, chocolate 11% (cocoa 40%, sugar, cocoa paste, cocoa butter, cocoa, skimmed, powder), emulsifier (sunflower lecithin), flour of but, amide of but, fruit extracts (carob, apple), low-fat yogurt 4% ( milk ), cocoa powder 3%, emulsifier (mono-glycerides and di-glycerides of fatty acids, stearyl sodium lactylé, baking powder (tartrate mono-potassium, carbonate sodium acid glucono-delta-lactone,  rice starch, white d' egg powder , salt, thickener (gum xanthate, natural flavor),			"Œufs, huile de tournesol, sucre, farine de riz, chocolat 11% (cacao 40% min. - sucre, pâte de cacao, beurre de cacao, cacao écrémé en poudre), émulsifiant :  lécithine de tournesol), farine de maïs, amidon de maïs, extraits de fruits (caroube, pomme), yaourt maigre 4% (lait), cacao en poudre 3%, émulsifiants :  mono - et diglycérides d'acides gras, stéaryl de sodium lactylé, poudre à lever :  tartrate monopotassique, carbonate acide de sodium, glucono-delta-lactone ; amidon de riz, blanc d'œuf en poudre, sel, épaississant : gomme xanthate, arôme naturel."			Apple, Eggs, Milk	en:apple,en:eggs,en:milk	Lupin, Soybeans	en:lupin,en:soybeans	100g	100g			448	kcal	26	g	5	g	44	g	25	g	5.8	g	5.8	g	0.6	g	0.24	g	448	kcal							en:plastic																		en:biscuits-and-cakes	en:sugary-snacks,en:biscuits-and-cakes	4	en:4-ultra-processed-food-and-drink-products	d	11	d	32		23585	-5	-10	1	0		App - yuka, Apps, App - InFood
20252823	de			Yogurt Chocolate Muffin Flavour				Yaourt choco Muffin							150 g	150g	Metall, Kunststoff, Wiederverwertbare Metalle, Aluminium, Karton	en:metal,en:plastic,en:recyclable-metals,en:aluminium,en:cardboard	McEnnedy	mcennedy		"Pflanzliche Lebensmittel und Getränke, Milchprodukte, Fermentierte Lebensmittel, Fermentierte Milch, Imbiss, en:Dairy substitutes, Desserts, Süßer Snack, Milchnachspeisen, Milchfreie Nachtische, Kekse und Kuchen, en:Fermented dairy desserts, Kuchen, Joghurt, Muffins, en:Flavoured fermented dairy desserts, Aromatisierte Joghurts"	en:plant-based-foods-and-beverages,en:dairies,en:fermented-foods,en:fermented-milk-products,en:snacks,en:dairy-substitutes,en:desserts,en:sweet-snacks,en:dairy-desserts,en:non-dairy-desserts,en:biscuits-and-cakes,en:fermented-dairy-desserts,en:cakes,en:yogurts,en:muffins,en:flavoured-fermented-dairy-desserts,en:flavoured-yogurts	Nachhaltige Agrikultur, Hergestellt in Deutschland, UTZ Zertifiziert, UTZ Zertifizierter Kakao	en:sustainable-farming,en:made-in-germany,en:utz-certified,en:utz-certified-cocoa	Frankreich, Deutschland, Spanien, Schweiz	en:france,en:germany,en:spain,en:switzerland	Lidl	lidl	0							Deutschland	deutschland	DE NW-303 EC,DE BY-77723 EC	de-nw-303-ec,de-by-77723-ec									Gluten, Milch	en:gluten,en:milk	Schalenfrüchte, Erdnüsse	en:nuts,en:peanuts	100g	100g			133	kcal	3.9	g	2.4	g	19.5	g	16.9	g			4.3	g	0.15	g	0.06	g	133	kcal							en:aluminium						en:plastic					en:cardboard							en:milk-and-yogurt	en:milk-and-dairy-products,en:milk-and-yogurt		unknown	c	4	b	79		19575	-5	-14	1	10		App - yuka, Apps, App - elcoco, App - El CoCo, App - Open Food Facts, App - smoothie-openfoodfacts
7790077000098	es					Magdalenas chocolate													Pozo	pozo		Botanas, Snacks dulces, Galletas y pasteles, Pasteles, Muffins, Pasteles de chocolate, Magdalenas de chocolate	en:snacks,en:sweet-snacks,en:biscuits-and-cakes,en:cakes,en:muffins,en:chocolate-cakes,en:chocolate-muffins			España	en:spain			0																							100g	100g																																															en:biscuits-and-cakes	en:sugary-snacks,en:biscuits-and-cakes		unknown	unknown		d	27	1	23585	-5	-15	1	0		App - El CoCo, Apps
8436008300194	es					Magdalenas de chocolate													Proceli	proceli		Botanas, Snacks dulces, Galletas y pasteles, Pasteles, Muffins, Pasteles de chocolate, Magdalenas, en:Chocolate madeleines, Magdalenas de chocolate	en:snacks,en:sweet-snacks,en:biscuits-and-cakes,en:cakes,en:muffins,en:chocolate-cakes,en:madeleines,en:chocolate-madeleines,en:chocolate-muffins	Sin gluten	en:no-gluten	España	en:spain			0																							100g	100g			449	kcal	26	g	4.5	g	48	g	27	g			3.8	g	1.1	g	0.44	g	449	kcal																									en:biscuits-and-cakes	en:sugary-snacks,en:biscuits-and-cakes		unknown	d	18	d	28	1	24631	-5	-15	1	0		App - elcoco, Apps, App - yuka, App - El CoCo
8411537015023	es					Mini Muffins																Botanas, Snacks dulces, Galletas y pasteles, Pasteles, Muffins	en:snacks,en:sweet-snacks,en:biscuits-and-cakes,en:cakes,en:muffins			España	en:spain			0																							100g	100g			462	kcal	22	g	3.5999999046326	g	56	g	28	g			8.1999998092651	g	0.46000000834465	g	0.18400000333786	g	462	kcal																									en:biscuits-and-cakes	en:sugary-snacks,en:biscuits-and-cakes		unknown	d	16	unknown		1		-5	-15	1	0		App - yuka, Apps
8435037840077	es					Magdalenas gigantes espelta ecológicas con chips de chocolate									72 g	72g			sol natural	sol-natural		Botanas, Snacks dulces, Galletas y pasteles, Pasteles, Muffins, Pasteles de chocolate, Magdalenas de chocolate	en:snacks,en:sweet-snacks,en:biscuits-and-cakes,en:cakes,en:muffins,en:chocolate-cakes,en:chocolate-muffins	Ecológico, Ecológico UE, ES-ECO-019-CT	en:organic,en:eu-organic,en:es-eco-019-ct	España	en:spain			0														harina de TRIGO ESPELTA* (27%), azúcar moreno de caña integral, aceite de girasol&quot;, HUEVO&quot;, chips de chocolate&quot; (11%) [azúcar, cacao, manteca de cacao, lecitina de girasol y vainilla], agua, LECHE en polvo&quot;, jarabe de agave, gluten de TRIGO*, gasificante (bicarbonato sódico),. emulgente (goma guar), aroma de limón, fermentos y corrector de acidez (ácido láctico)					Huevos, Gluten, Leche	en:eggs,en:gluten,en:milk	Frutos de cáscara, Granos de sésamo, Soja	en:nuts,en:sesame-seeds,en:soybeans	100g	100g			456	kcal	25	g	5	g	51	g	24	g	1.3	g	6.2	g	0.8	g	0.32	g	456	kcal																									en:biscuits-and-cakes	en:sugary-snacks,en:biscuits-and-cakes	4	en:4-ultra-processed-food-and-drink-products	d	16	c	42	1	23585	-5	-15	1	15		App - yuka, Apps, App - Open Food Facts
2384754001000	es					Muffin chocolate													mercadona	mercadona		Botanas, Snacks dulces, Galletas y pasteles, Pasteles, Muffins, Pasteles de chocolate, Magdalenas de chocolate	en:snacks,en:sweet-snacks,en:biscuits-and-cakes,en:cakes,en:muffins,en:chocolate-cakes,en:chocolate-muffins			España	en:spain			0																							100g	100g			400	kcal	50	g	35	g	48	g	5	g			5	g	5	g	2	g	400	kcal																									en:biscuits-and-cakes	en:sugary-snacks,en:biscuits-and-cakes		unknown	e	25	d	27	1	23585	-5	-15	1	0		App - yuka, Apps
8412600014080	es										Little Bites Mini Muffins			Bolo com Pepitas (12%) de Chocolate	47 g	47g			Bimbo	bimbo		Botanas, Snacks dulces, Galletas y pasteles, Pasteles, Muffins	en:snacks,en:sweet-snacks,en:biscuits-and-cakes,en:cakes,en:muffins	Nuevo	en:new	Portugal, España	en:portugal,en:spain			0																							100g	100g	1707	kJ	407	kcal	18	g	3.9	g	55	g	35	g	2.8	g	4.5	g	0.47	g	0.188	g	1707	kJ																									en:biscuits-and-cakes	en:sugary-snacks,en:biscuits-and-cakes		unknown	d	15	unknown		1		-5	-15	1	0		App - yuka, Apps, App - El CoCo
2004060008585	es					Mini muffins de chocolate																Botanas, Snacks dulces, Galletas y pasteles, Pasteles, Muffins	en:snacks,en:sweet-snacks,en:biscuits-and-cakes,en:cakes,en:muffins	Agricultura sustentable, Certificado UTZ, UTZ Certified Cocoa	en:sustainable-farming,en:utz-certified,en:utz-certified-cocoa	España	en:spain			0																							100g	100g			409	kcal	22	g	6.5	g	47	g	25	g			5.7	g	0.83	g	0.332	g	409	kcal																									en:biscuits-and-cakes	en:sugary-snacks,en:biscuits-and-cakes		unknown	e	19	unknown		1		-5	-15	1	10		App - yuka, Apps
1234567890180	es					Magdalenas con chocolate									550 g				Panaderia horno de leña	panaderia-horno-de-lena		Alimentos y bebidas de origen vegetal, Alimentos de origen vegetal, Botanas, Cereales y patatas, Snacks dulces, Cereales y derivados, Galletas y pasteles, Pasteles, Muffins, Pasteles de chocolate, Magdalenas de chocolate	en:plant-based-foods-and-beverages,en:plant-based-foods,en:snacks,en:cereals-and-potatoes,en:sweet-snacks,en:cereals-and-their-products,en:biscuits-and-cakes,en:cakes,en:muffins,en:chocolate-cakes,en:chocolate-muffins			España	en:spain			0																							100g	100g			393	kcal	16	g	2.6	g	58	g	20.3	g			3.5	g	0.63	g	0.252	g	393	kcal																									en:biscuits-and-cakes	en:sugary-snacks,en:biscuits-and-cakes		unknown	d	12	d	27	1	23585	-5	-15	1	0		App - yuka, Apps
8437008666419	es					Magdalenas chocolate													mdalen	mdalen		Botanas, Snacks dulces, Galletas y pasteles, Pasteles, Muffins, Pasteles de chocolate, Magdalenas de chocolate	en:snacks,en:sweet-snacks,en:biscuits-and-cakes,en:cakes,en:muffins,en:chocolate-cakes,en:chocolate-muffins	Punto Verde, Sin lactosa	en:green-dot,en:no-lactose	España	en:spain			0																							100g	100g			419	kcal	24	g	4.09	g	48.23	g	33.48	g			2.11	g	0.16	g	0.064	g	419	kcal																									en:biscuits-and-cakes	en:sugary-snacks,en:biscuits-and-cakes		unknown	d	16	d	27	1	23585	-5	-15	1	0		App - yuka, Apps
8480010207460	es					Muffins cacao con pepitas de chocolate													Eroski	eroski		Botanas, Snacks dulces, Galletas y pasteles, Pasteles, Muffins	en:snacks,en:sweet-snacks,en:biscuits-and-cakes,en:cakes,en:muffins	Nutriscore, Nutriscore D	en:nutriscore,en:nutriscore-grade-d	España	en:spain			0																							100g	100g			420	kcal	21	g	4.4	g	53	g	24	g	1.8	g	3.9	g	0.81	g	0.324	g	420	kcal																									en:biscuits-and-cakes	en:sugary-snacks,en:biscuits-and-cakes		unknown	d	16	unknown		1		-5	-15	1	0		App - Yuka, Apps
4056489436485	de		Vanilkové muffini	Vegane Muffins		Magdalenas veganas sabor a vainilla			Magdalena Veganas						360g	90g	Kunststoff	en:plastic	Vemondo	vemondo		"Imbiss, Süßer Snack, Kekse und Kuchen, Kuchen, Muffins"	en:snacks,en:sweet-snacks,en:biscuits-and-cakes,en:cakes,en:muffins	Vegetarisch, Vegan, Europäische Vegetarier-Union, Europäische Vegetarier-Union Vegan, Nutriscore	en:vegetarian,en:vegan,en:european-vegetarian-union,en:european-vegetarian-union-vegan,en:nutriscore	Deutschland, Spanien	en:germany,en:spain	Lidl	lidl	0											"Pšeničná mouka, cukr, pitná voda, řepkový olej, rýže, pšeničný škrob, kypřící látky: difosforečnany, uhličitany sodné; rýžová mouka, regulátor kyselosti: octany sodné; přírodní aroma, kyselina: kyselina citronová; slunečnicový olej, zahušťovadlo: xanthan; jedlá sůl, kurkuma, stabilizátor: guma gellan."	Vegane Rührkuchen mit Vanillegeschmack. : Weizenmehl, Zucker, Wasser, Rapsöl, Reis, Weizenstärke, Backtriebmittel: Diphosphate, Natriumcarbonate; Reismehl, Sãureregulator: Natriumacetate; natürliches Aroma, Säuerungsmittel: Citronensäure: Sonnenblumenöl, Verdickungsmittel: Xanthan; Speisesalz, fårbendes Kurkuma, Stabilisator: Gellan. Kann Spuren von Schalenfrüchten, Eiern, Milch, Soja und Erdnüssen enthalten. Unter Schutzatmosphäre verpackt. Vor Wärme schützen und trocken lagern. Ungeöffnet mindestens haltbar bis: siehe Unterseite.		Harina de _trigo_, azúcar, agua, aceite de nabina, arroz, almidón de _trigo_, gasificantes (difosfatos, carbonatos de sodio), harina de arroz, corrector de acidez (acetatos de sodio), aroma natural, acidulante (ácido cítrico), aceite de girasol, espesante (goma xantana), sal, cúrcuma con efecto colorante, estabilizante (goma gellan).			"harina de trigo, azucar, agua, aceite de nabina, arroz, almidon de
trigo, gasificantes: difosfatos, carbonatos de sodio"		Gluten	en:gluten	Eier, Milch, Schalenfrüchte, Erdnüsse, Soja	en:eggs,en:milk,en:nuts,en:peanuts,en:soybeans	100g	100g	1579	kJ	377	kcal	17.7	g	1.6	g	50.2	g	23.8	g			3.8	g	0.85	g	0.34	g	1579	kJ																									en:biscuits-and-cakes	en:sugary-snacks,en:biscuits-and-cakes	4	en:4-ultra-processed-food-and-drink-products	d	13	unknown		1		-5	-15	1	0		App - yuka, Apps, App - Open Food Facts, App - smoothie-openfoodfacts
8480000825735	es					Magdalenas rellenas						Magdalenas con crema de cacao			420g	35g	Green dot	es:green-dot	Hacendado	hacendado		Botanas, Snacks dulces, Galletas y pasteles, Pasteles, Muffins, Pasteles de chocolate, Magdalenas, Magdalenas de chocolate	en:snacks,en:sweet-snacks,en:biscuits-and-cakes,en:cakes,en:muffins,en:chocolate-cakes,en:madeleines,en:chocolate-muffins	Punto Verde, Con aceite de girasol	en:green-dot,en:with-sunflower-oil	España	en:spain	Mercadona, Hacendado	mercadona,hacendado	0													wheat flour (gluten), sugar, refined sunflower oil (18.4%), cocoa cream (15.5%) (water, sugar, dextrose, refined sunflower oil, glycerin, hazelnut paste (nuts), cocoa powder 5%, thickener (modified starch), sucrose caramel, milk protein (milk), stabilizers (cellulose, carboxymethylcellulose), acidulant (lactic acid), preservative (sorbic acid), coloring (e171), salt, aroma), pasteurized liquid egg,  water, glucose and fructose syrup, gasifiers (diphosphates, sodium carbonates), thickener (xanthan gum), salt, preservative (potassium sorbate), aroma,	Harina de _trigo_ (_gluten_), azúcar, aceite refinado de girasol (18,4%), crema al cacao (15,5%) (agua, azúcar, dextrosa, aceite refinado de girasol, glicerina, pasta de _avellana_ (_frutos de cáscara_), cacao en polvo 5%, espesante (almidón modificado), caramelo de sacarosa, proteína _láctea_ (_leche_), estabilizantes (celulosa, carboximetilcelulosa), acidulante (ácido láctico), conservador (ácido sórbico), colorante (E171), sal, aroma), _huevo_ líquido pasteurizado, agua, jarabe de glucosa y fructosa, gasificantes (difosfatos, carbonatos de sodio), espesante (goma xantana), sal, conservador (sorbato potásico), aroma,					Huevos, Gluten, Leche, Frutos de cáscara, Láctea	en:eggs,en:gluten,en:milk,en:nuts,es:lactea			100g	100g	1734	kJ	415	kcal	24	g	3.2	g	45	g	28	g	1.5	g	4.6	g	0.61	g	0.244	g	1734	kJ																									en:biscuits-and-cakes	en:sugary-snacks,en:biscuits-and-cakes	4	en:4-ultra-processed-food-and-drink-products	d	15	c	58	1	24632	-5	-15	1	0		App - elcoco, App - yuka, Apps, App - El CoCo, App - InFood, App - Open Food Facts
8480010207477	es					Muffins Cacao con pepitas de chocolate									150 g				Eroski	eroski		Botanas, Snacks dulces, Galletas y pasteles, Pasteles, Muffins	en:snacks,en:sweet-snacks,en:biscuits-and-cakes,en:cakes,en:muffins	Nutriscore, Nutriscore D	en:nutriscore,en:nutriscore-grade-d	España	en:spain	Eroski	eroski	0																							100g	100g			420	kcal	21	g	4.4	g	53	g	24	g	1.8	g	3.9	g	0.81	g	0.324	g	420	kcal																									en:biscuits-and-cakes	en:sugary-snacks,en:biscuits-and-cakes		unknown	d	16	unknown		1		-5	-15	1	0		App - Yuka, Apps
8410087290966	es					Muffins													Auchan	auchan		Botanas, Snacks dulces, Galletas y pasteles, Pasteles, Muffins, en:Chocolate chip muffins	en:snacks,en:sweet-snacks,en:biscuits-and-cakes,en:cakes,en:muffins,en:chocolate-chip-muffins			España	en:spain	Auchan	auchan	0																							100g	100g			456	kcal	26	g	4.5	g	49	g	26	g			5.0999999046326	g	0.85000002384186	g	0.340000009536744	g	456	kcal																									en:biscuits-and-cakes	en:sugary-snacks,en:biscuits-and-cakes		unknown	d	17	unknown		1		-5	-15	1	0		App - yuka, Apps, App - El CoCo
8436541921627	es					Muffins sin gluten  chocolate						Muffins de chocolate sin gluten			90 g		Plástico	en:plastic	Sinblat	sinblat		Botanas, Snacks dulces, Galletas y pasteles, Pasteles, Muffins, Pasteles de chocolate, Magdalenas de chocolate	en:snacks,en:sweet-snacks,en:biscuits-and-cakes,en:cakes,en:muffins,en:chocolate-cakes,en:chocolate-muffins	Sin gluten, Crossed Grain Trademark, FACE, Espiga Barrada (ELS) FACE	en:no-gluten,en:crossed-grain-trademark,es:face,es:espiga-barrada-els-face	España	en:spain			0									ES 20.046502/V EC	es-20-046502-v-ec				HUEV0*, azúcar, aceite de girasol alto oleico, 13% gotas de chocolate (azúcar, pasta de cacao, manateca de cacao, dextrosa, emulgente: lecitina de SOJA, aroma natural de vainilla), harina integral de arroz, agua, almidón de maíz, cacao en polvo, concentrado de zumo de uva, almidón de tapioca, almidón de arroz, emulgentes: ésteres poliglicéridos de los ácidos grasos, monoglicéridos y diglicéridos de ácidos grasos; fibra de remolacha, inulina, gasificantes: difosfatos, carbonato ácido de sodio, estabilizante: goma xantana; conservadores: propionato sódico, ácido sórbico; aroma. *HUEVO procedente de gallinas criadas en el suelo					Huevos, Soja	en:eggs,en:soybeans	Leche, Granos de sésamo	en:milk,en:sesame-seeds	100g	serving			425	kcal	24	g	4.7	g	44.8	g	31	g	3.8	g	5.5	g	1.04	g	0.416	g	425	kcal							en:plastic																	http://www.sinblat.es/productos/sin-gluten/	en:biscuits-and-cakes	en:sugary-snacks,en:biscuits-and-cakes	4	en:4-ultra-processed-food-and-drink-products	d	15	d	32		23585	-5	-10	1	0		App - yuka, Apps
8431876274745	es					Muffins de chocolate sin gluten													Carrefour,CRF Específicos - Sin Gluten	carrefour,crf-especificos-sin-gluten		Botanas, Snacks dulces, Galletas y pasteles, Pasteles, Muffins	en:snacks,en:sweet-snacks,en:biscuits-and-cakes,en:cakes,en:muffins	Sin gluten, Agricultura sustentable, Certificado UTZ, UTZ Certified Cocoa	en:no-gluten,en:sustainable-farming,en:utz-certified,en:utz-certified-cocoa	España	en:spain	Carrefour	carrefour	0													egg, sugar, high oleic sunflower oil (17%), chocolate drops (13%)(sugar, cocoa paste, cocoa butter, dextrose, emulsifier (soy lecithin), natural vanilla flavor), whole wheat rice flour, water, corn starch, humectant (sorbitol), cocoa powder, potato fecula, emulsifiers (rice starch, fatty acid polyglyceride esters, monoglycerides, fatty acid diglycerides) gasifiers (sodium acid carbonate,  citric acid)beet fiber, inulin, preservatives(sodium propionate, sobico acid), stabilizer (xanthan gum)	"Huevo, Azucar, Aceite De Girasol Alto Oleico (17%), Gotas De Chocolate (13%)(Azucar, Pasta De Cacao, Manteca De Cacao, Dextrosa , Emulgente (Lecitina De Soja), Aroma Natural De Vainilla), Harina Integral De Arroz, Agua, Almidón De Maiz, Humectante(Sorbitol), Cacao En Polvo, Fecula De Patata, Emulgentes (Almidón De Arroz, Ésteres Poligliceridos De Ácidos Grasos, Monogliceridos , Digliceridos De Acidos Grasos) Gasificantes (Carbonato Ácido De Sodio, Ácido Cítrico)Fibra De Remolacha, Inulina, Conservadores(Propionato Sodico, Acido Sobico) , Estabilizante (Goma Xantana)"					Huevos, Leche, Frutos de cáscara, Granos de sésamo, Soja	en:eggs,en:milk,en:nuts,en:sesame-seeds,en:soybeans	Leche, Frutos de cáscara, Granos de sésamo	en:milk,en:nuts,en:sesame-seeds	100g	100g	1774	kJ	425	kcal	24	g	4.7	g	44.8	g	31.8	g	3.8	g	5.5	g	1.04	g	0.416	g	1774	kJ	0	g																							en:biscuits-and-cakes	en:sugary-snacks,en:biscuits-and-cakes	4	en:4-ultra-processed-food-and-drink-products	d	16	unknown		1		-5	-15	1	10		App - yuka, Apps, Producers, Producer - carrefour-espana, App - InFood
5600499518267	pt							Choco-caramel muffins			Choco-caramel muffins				120g	60g	Cartão plástico papel	pt:cartao-plastico-papel	Prozis	prozis		Lanches comida, Lanches doces, Biscoitos e Bolos, Bolos, Muffins	en:snacks,en:sweet-snacks,en:biscuits-and-cakes,en:cakes,en:muffins			Portugal, Espanha	en:portugal,en:spain			0																		"Farinha de TRIGO, Edulcorante (Maltitol), OVo, Agua, Óleo de Girassol, Clara de OVO, Amido, Farinha de Malte de TRIGO, Oligofrutose, LEITE Magro em Pó, Oleo de Palma, Soro de LEITE em Pó, Pedaços de Caramelo (2.1%) (Xarope de Frutose, Xarope de Glucose, Concentrado de Maçã, Soro de LEITE em Po, MANTEIGA, Açúcar, Humidificante (Glicerol), Fibra de TRIGO, Óleo de Palma, Gelificante (Pectina), Aroma Natural, Regulador de Acidez (Acido LÁCTICO), Extrato de Arroz), Extrato de Malte de CEVADA, Amido Modificado, Cacau Magro em Pó (1.9%), Fibra de Limão, Levedantes (Difosfatos, Carbonatos de Sódio), Proteinas de LEITE, Sal, Estabilizadores (Carboximetilcelulose de Sódio, Goma Xantana, Goma de Guar), Emulsionante (Estearoil-2-Lactilato de Sódio), Aromas, Canela, Conservante (Sorbato de Potássio). Pode conter vestigias de soja, frutos de casca rija, amendoins, sementes de sésamo e sulfitos."	Ovos, Glúten, Leite	en:eggs,en:gluten,en:milk	Ovos, Nozes, Amendoins, Sementes de sésamo, Soja, Dióxido de enxofre e sulfitos	en:eggs,en:nuts,en:peanuts,en:sesame-seeds,en:soybeans,en:sulphur-dioxide-and-sulphites	100g	100g			265	kcal	14	g	2.9	g	35	g	4.8	g	4.1	g	5.6	g	0.9	g	0.36	g	265	kcal							en:plastic																		en:biscuits-and-cakes	en:sugary-snacks,en:biscuits-and-cakes	4	en:4-ultra-processed-food-and-drink-products	b	2	unknown				-5	-10	1	0	-10	App - yuka, Apps
8413675001746	es					Mini muffins									12 x 25 g				dulca	dulca		Botanas, Snacks dulces, Galletas y pasteles, Pasteles, Muffins	en:snacks,en:sweet-snacks,en:biscuits-and-cakes,en:cakes,en:muffins			España	en:spain			0																							100g	100g			402	kcal	19.4	g	4.2	g	51.9	g	31.8	g			3.9	g	0.8	g	0.32	g	402	kcal																									en:biscuits-and-cakes	en:sugary-snacks,en:biscuits-and-cakes		unknown	e	19	unknown		1		-5	-15	1	0		App - yuka, Apps
8413675001883	es					Muffins													dulca	dulca		Botanas, Snacks dulces, Galletas y pasteles, Pasteles, Muffins	en:snacks,en:sweet-snacks,en:biscuits-and-cakes,en:cakes,en:muffins			España	en:spain			0																							100g	100g			401	kcal	19	g	3.5999999046326	g	52.799999237061	g	27.60000038147	g			3.5999999046326	g	0.9	g	0.36	g	401	kcal																									en:biscuits-and-cakes	en:sugary-snacks,en:biscuits-and-cakes		unknown	d	17	unknown		1		-5	-15	1	0		App - yuka, Apps
4000539235405	en				Lindt Blueberry Muffin	Lindt Blueberry Muffin													lindt	lindt		Snacks, Sweet snacks, Biscuits and cakes, Cakes, Muffins, Fruit muffins, Blueberry muffins	en:snacks,en:sweet-snacks,en:biscuits-and-cakes,en:cakes,en:muffins,en:fruit-muffins,en:blueberry-muffins			Spain	en:spain			0													sugar, cocoa butter, whole milk powder, palm oil, cocoa mass, skim milk yoghurt p lactose, skim milk powder, wheat flour, blueberries (1%), emulsifier (soya and sunflower lecithin), flavourings, blueberry powder (0,2%), maltodextrin, fruit and plant concentrates (black carro natural vanilla flavourina, salt, raising agent (sodium hudrogen - and ammonium hydrogen carbonate), invert sugar, glucose fructose syrup, vanilla, may contain hazelnuts and other nuts ,						Gluten, Milk, Soybeans	en:gluten,en:milk,en:soybeans	Nuts	en:nuts	100g	100g			549	kcal	34	g	20	g	53	g	47	g			7	g	0.19	g	0.076	g	549	kcal																									en:biscuits-and-cakes	en:sugary-snacks,en:biscuits-and-cakes	4	en:4-ultra-processed-food-and-drink-products	e	26	d	38	1	23950	-5	-15	1	0	-10	App - yuka, Apps, App - InFood
5600499521434	es					Blueberry muffins													Prozis	prozis		Botanas, Snacks dulces, Galletas y pasteles, Pasteles, Muffins, en:Fruit muffins, en:Blueberry muffins	en:snacks,en:sweet-snacks,en:biscuits-and-cakes,en:cakes,en:muffins,en:fruit-muffins,en:blueberry-muffins			España	en:spain			0																							100g	100g			281	kcal	14	g	2.8	g	39	g	4.9	g			6.2	g	0.9	g	0.36	g	281	kcal																									en:biscuits-and-cakes	en:sugary-snacks,en:biscuits-and-cakes		unknown	c	6	c	48	1	23950	-5	-15	1	0		App - yuka, Apps
5600499518960	es					Blueberry muffins																Botanas, Snacks dulces, Galletas y pasteles, Pasteles, Muffins, en:Fruit muffins, en:Blueberry muffins	en:snacks,en:sweet-snacks,en:biscuits-and-cakes,en:cakes,en:muffins,en:fruit-muffins,en:blueberry-muffins			España	en:spain			0																							100g	100g			281	kcal	14	g	2.7999999523163	g	39	g	4.9000000953674	g			6.1999998092651	g	0.89999997615814	g	0.359999990463256	g	281	kcal																									en:biscuits-and-cakes	en:sugary-snacks,en:biscuits-and-cakes		unknown	c	6	c	48	1	23950	-5	-15	1	0		App - yuka, Apps
8437013819008	es					Muffins con chips de chocolate																Botanas, Snacks dulces, Galletas y pasteles, Pasteles, Muffins, en:Galletas y pasteles, en:Pasteles	en:snacks,en:sweet-snacks,en:biscuits-and-cakes,en:cakes,en:muffins,en:galletas-y-pasteles,en:pasteles			España	en:spain			0																							100g	100g			410	kcal	19	g	4.5	g	54	g	24	g			5.7	g	0.18	g	0.072	g	410	kcal																									en:biscuits-and-cakes	en:sugary-snacks,en:biscuits-and-cakes		unknown	d	14	unknown		1		-5	-15	1	0		App - elcoco, App - yuka, Apps, App - El CoCo
2978104002955	es					Muffin fusion													Carrefour	carrefour		Botanas, Snacks dulces, Galletas y pasteles, Pasteles, Muffins	en:snacks,en:sweet-snacks,en:biscuits-and-cakes,en:cakes,en:muffins			España	en:spain	Carrefour	carrefour	0																							100g	100g																																															en:biscuits-and-cakes	en:sugary-snacks,en:biscuits-and-cakes		unknown	unknown		unknown		1		-5	-15	1	0		App - yuka, Apps
236827630000101429002000	es					Jugosa chocolate sin gluten													Mercadona	mercadona		Botanas, Snacks dulces, Galletas y pasteles, Pasteles, Muffins, Pasteles de chocolate, Magdalenas de chocolate	en:snacks,en:sweet-snacks,en:biscuits-and-cakes,en:cakes,en:muffins,en:chocolate-cakes,en:chocolate-muffins	Sin gluten, Punto Verde	en:no-gluten,en:green-dot	España	en:spain			0																							100g	100g			485	kcal	32	g	19	g	42	g	35	g			7.3	g	0.15	g	0.06	g	485	kcal																									en:biscuits-and-cakes	en:sugary-snacks,en:biscuits-and-cakes		unknown	e	23	d	27	1	23585	-5	-15	1	0		App - yuka, Apps
8413675001685	es					Mini Muffins con chips de chocolate									300 g				dulca	dulca		Botanas, Snacks dulces, Galletas y pasteles, Pasteles, Muffins	en:snacks,en:sweet-snacks,en:biscuits-and-cakes,en:cakes,en:muffins	Punto Verde	en:green-dot	España	en:spain			0																							100g	100g			417	kcal	23.6	g	5.5	g	47.2	g	23.1	g			3.4	g	1.9	g	0.76	g	417	kcal																									en:biscuits-and-cakes	en:sugary-snacks,en:biscuits-and-cakes		unknown	e	23	unknown		1		-5	-15	1	0		App - yuka, Apps
8437013910026	es				Muffin Cacao	Muffin Cacao													Muuglu	muuglu		Botanas, Snacks dulces, Galletas y pasteles, Pasteles, Muffins	en:snacks,en:sweet-snacks,en:biscuits-and-cakes,en:cakes,en:muffins	Sin gluten, Vegetariano, Vegano, Sin aceite de palma	en:no-gluten,en:vegetarian,en:vegan,en:no-palm-oil	España	en:spain			0														"Harina de maiz, azucar integral de cana, aceite de girasol,
harina de arroz, cacao en polvo 2,5%, agua, gasificante (bicarbonato sodico,
acido citrico, carbonato caleico) conservante (acido sorbico) humectante
(zumo de uval, aroma, sal."									100g	100g			317	kcal	9.7	g	3.6	g	55	g	24	g			2.5	g	0.79	g	0.316	g	317	kcal																									en:biscuits-and-cakes	en:sugary-snacks,en:biscuits-and-cakes	4	en:4-ultra-processed-food-and-drink-products	d	14	unknown		1		-5	-15	1	0		App - elcoco, Apps, App - yuka, App - El CoCo
5600499504192	fr							Muffins choco chips gluten free											Prozis	prozis		Snacks, Snacks sucrés, Biscuits et gâteaux, Gâteaux, Muffins	en:snacks,en:sweet-snacks,en:biscuits-and-cakes,en:cakes,en:muffins	Sans gluten	en:no-gluten	France, Espagne	en:france,en:spain			0																							100g	100g			414	kcal	24	g	5.4	g	45	g	26	g			4.6	g	0.24	g	0.096	g	414	kcal																									en:biscuits-and-cakes	en:sugary-snacks,en:biscuits-and-cakes		unknown	d	16	unknown		1		-5	-15	1	0		App - elcoco, App - yuka, Apps, App - El CoCo
8410087291734	fr							Muffins											Dulcesol	dulcesol		Snacks, Snacks sucrés, Biscuits et gâteaux, Gâteaux, Muffins	en:snacks,en:sweet-snacks,en:biscuits-and-cakes,en:cakes,en:muffins			France, Espagne	en:france,en:spain			0																							100g	100g			460	kcal	26	g	4.6	g	50	g	26	g			5.1	g	0.83	g	0.332	g	460	kcal																									en:biscuits-and-cakes	en:sugary-snacks,en:biscuits-and-cakes		unknown	d	17	unknown		1		-5	-15	1	0		App - elcoco, App - yuka, Apps, App - El CoCo
5600499520093	es					Protein muffins cocoa-caramel									2 x 30 g							Botanas, Snacks dulces, Galletas y pasteles, Pasteles, Muffins	en:snacks,en:sweet-snacks,en:biscuits-and-cakes,en:cakes,en:muffins			España	en:spain			0														"Harina de TRIGO, Edulcorante (Maltitol), HUEVO, Agua, Aceite de Girassol, Concentrado de Proteina de Suero de LECHE (8.1%) (Contiene Emulsionante (Lecitina de Girassol), Clara de HUEVO, Amidón , Harina de Malta de TRIGO, Oligofrutosa, LECHE Desnatada en Polvo, Aceite de Palma, Suero de LECHE en polvo, Trozos de Caramelo (2.1%)(Jarabe de Frutosa, Jarabe de Glucose, Concentrado de Manzan, Suero de LECHE en polvo, MANTEQUILLA, Azúcar, Humectante (Glicerina), Fibra de TRIGO, Aceite de Palma, Gelificante (Pectina), Aroma Natural, Corrector de Acidez (Ácido LÁCTICO), Extratco de Arroz, Extracto de Malta de CEBADA, Almidón Modificado, Cacao Magro en Polvo (1.6%). Fibra de Limón, Gasificantes (Difosfatos, Carbonatos de Sódio), Proteínas de LECHE, Sal, Estabilizantes (Carboximetilcelulosa Sódica, Goma Xantana, Goma de Guar), Emulsionante (Estearoil-2-Lactilato de Sódio) Aromas, Canela, Conservante (Sorbato de Potásico)."					Huevos, Gluten, Leche	en:eggs,en:gluten,en:milk			100g	100g																	0	g	0	g																											en:biscuits-and-cakes	en:sugary-snacks,en:biscuits-and-cakes	4	en:4-ultra-processed-food-and-drink-products	unknown		unknown		1		-5	-15	1	0	-10	App - yuka, Apps
8410722590024	es					Mini Muffins																Botanas, Snacks dulces, Galletas y pasteles, Pasteles, Muffins	en:snacks,en:sweet-snacks,en:biscuits-and-cakes,en:cakes,en:muffins			España	en:spain			0																							100g	100g			399	kcal	16	g	4.5	g	59.099998474121	g	28.89999961853	g			4.6999998092651	g	0.51999998092651	g	0.207999992370604	g	399	kcal																									en:biscuits-and-cakes	en:sugary-snacks,en:biscuits-and-cakes		unknown	d	16	unknown		1		-5	-15	1	0		App - yuka, Apps
8437001586196	es					Mini muffins de cacao																Botanas, Snacks dulces, Galletas y pasteles, Pasteles, Muffins	en:snacks,en:sweet-snacks,en:biscuits-and-cakes,en:cakes,en:muffins			España	en:spain			0																							100g	100g			419	kcal	21.1	g	3.6	g	52.1	g	28.5	g			5.1	g	1.1	g	0.44	g	419	kcal																									en:biscuits-and-cakes	en:sugary-snacks,en:biscuits-and-cakes		unknown	d	18	unknown		1		-5	-15	1	0		App - yuka, Apps
8436042461073	es					Mini muffins																Botanas, Snacks dulces, Galletas y pasteles, Pasteles, Muffins	en:snacks,en:sweet-snacks,en:biscuits-and-cakes,en:cakes,en:muffins			España	en:spain			0																							100g	100g			387	kcal	14.1	g	2.7	g	60.5	g	26.3	g			4.5	g	0.6	g	0.24	g	387	kcal																									en:biscuits-and-cakes	en:sugary-snacks,en:biscuits-and-cakes		unknown	d	13	unknown		1		-5	-15	1	0		App - yuka, Apps
8423915011862	es					Mini muffins													Mandul	mandul		Botanas, Snacks dulces, Galletas y pasteles, Pasteles, Muffins	en:snacks,en:sweet-snacks,en:biscuits-and-cakes,en:cakes,en:muffins			España	en:spain			0																							100g	100g			100	kcal	10	g	1	g	15	g	2	g			10	g	1	g	0.4	g	100	kcal																									en:biscuits-and-cakes	en:sugary-snacks,en:biscuits-and-cakes		unknown	b	0	unknown		1		-5	-15	1	0		App - yuka, Apps
8437008860220	es					Mini Muffins													Prosalud	prosalud		Botanas, Snacks dulces, Galletas y pasteles, Pasteles, Muffins	en:snacks,en:sweet-snacks,en:biscuits-and-cakes,en:cakes,en:muffins			España	en:spain			0																							100g	100g			356	kcal	11.2	g	2.2	g	58.4	g	26.1	g			4.9	g	0.88	g	0.352	g	356	kcal																									en:biscuits-and-cakes	en:sugary-snacks,en:biscuits-and-cakes		unknown	d	14	unknown		1		-5	-15	1	0		App - yuka, Apps
8410387018093	es					Mini muffins																Botanas, Snacks dulces, Galletas y pasteles, Pasteles, Muffins	en:snacks,en:sweet-snacks,en:biscuits-and-cakes,en:cakes,en:muffins			España	en:spain			0																							100g	100g			423	kcal	21	g	3.9	g	51	g	27	g			4.9	g	0.69	g	0.276	g	423	kcal																									en:biscuits-and-cakes	en:sugary-snacks,en:biscuits-and-cakes		unknown	d	16	unknown		1		-5	-15	1	0		App - yuka, Apps
8436574640076	en				Muffins de vainilla con pepitas de chocolate sin gluten y sin aceite de palma										240 g				Airos	airos		Snacks, Sweet snacks, Biscuits and cakes, Cakes, Muffins	en:snacks,en:sweet-snacks,en:biscuits-and-cakes,en:cakes,en:muffins	No gluten, No palm oil	en:no-gluten,en:no-palm-oil	Spain	en:spain			0																							100g	100g																																															en:biscuits-and-cakes	en:sugary-snacks,en:biscuits-and-cakes		unknown	unknown		unknown		1		-5	-15	1	0		
8413675001654	es					Muffins pepitas de chocolate									4 x 75 g				dulca	dulca		Botanas, Snacks dulces, Galletas y pasteles, Pasteles, Muffins	en:snacks,en:sweet-snacks,en:biscuits-and-cakes,en:cakes,en:muffins			España	en:spain			0																							100g	100g																																															en:biscuits-and-cakes	en:sugary-snacks,en:biscuits-and-cakes		unknown	unknown		unknown		1		-5	-15	1	0		App - yuka, Apps
8437008693446	es					Mini muffins rellenas de cacao, con chips de chocolate									430 g				dulcinova	dulcinova		Botanas, Snacks dulces, Galletas y pasteles, Pasteles, Muffins	en:snacks,en:sweet-snacks,en:biscuits-and-cakes,en:cakes,en:muffins			España	en:spain			0																							100g	100g			506	kcal	36.23	g	7.61	g	38.28	g	20.59	g			4.4	g	0.484	g	0.1936	g	506	kcal																									en:biscuits-and-cakes	en:sugary-snacks,en:biscuits-and-cakes		unknown	e	19	unknown		1		-5	-15	1	0		App - yuka, Apps
8412670009641	es					Surtido muffins																Botanas, Snacks dulces, Galletas y pasteles, Pasteles, Muffins	en:snacks,en:sweet-snacks,en:biscuits-and-cakes,en:cakes,en:muffins			España	en:spain			0																							100g	100g			436	kcal	23.85000038147	g	4.4499998092651	g	48	g	23.200000762939	g			5.4499998092651	g	0.58999997377396	g	0.235999989509584	g	436	kcal																									en:biscuits-and-cakes	en:sugary-snacks,en:biscuits-and-cakes		unknown	d	16	unknown		1		-5	-15	1	0		App - yuka, Apps
8437001398539	es					Muffins sin gluten													tentacelia	tentacelia		Botanas, Snacks dulces, Galletas y pasteles, Pasteles, Muffins	en:snacks,en:sweet-snacks,en:biscuits-and-cakes,en:cakes,en:muffins	Sin gluten, Sin lactosa	en:no-gluten,en:no-lactose	España	en:spain			0																							100g	100g			386	kcal	18	g	9.5	g	50	g	11	g			4.1	g	0.7	g	0.28	g	386	kcal																									en:biscuits-and-cakes	en:sugary-snacks,en:biscuits-and-cakes		unknown	d	18	unknown		1		-5	-15	1	0		App - yuka, Apps
8410391501017	es					Muffins									245 g				heras bareche	heras-bareche		Botanas, Snacks dulces, Galletas y pasteles, Pasteles, Muffins	en:snacks,en:sweet-snacks,en:biscuits-and-cakes,en:cakes,en:muffins			España	en:spain			0														"Harina de trigo, azúcar, huevo pasteurizado, aceites veğetales (girasol y soja, en proporción variable), jarabe de glucosa y fructosa, cacao désgrasado en polvo (2%), estrekas de azúcar (2%) (azúcar, aceitể de girasol, agua, almidón de patata, harina de arroz, aroma (vainilla); gasificantes (bicarbonato sódico, difosfato disódico), humectantes (glicerina, sorbitol), conservador (ácido sórbico), aroma de chocolate. Puede contener trazas de leche."					Gluten, Soja	en:gluten,en:soybeans	Leche	en:milk	100g	100g			436	kcal	21	g	3.2	g	56	g	29	g			5	g	0.6	g	0.24	g	436	kcal																									en:biscuits-and-cakes	en:sugary-snacks,en:biscuits-and-cakes	4	en:4-ultra-processed-food-and-drink-products	d	16	unknown		1		-5	-15	1	0		App - yuka, Apps
2039799002108	es					Muffin oreo													Alcampo	alcampo		Botanas, Snacks dulces, Galletas y pasteles, Pasteles, Muffins	en:snacks,en:sweet-snacks,en:biscuits-and-cakes,en:cakes,en:muffins			España	en:spain			0																							100g	100g																																															en:biscuits-and-cakes	en:sugary-snacks,en:biscuits-and-cakes		unknown	unknown		unknown		1		-5	-15	1	0		App - elcoco, Apps, App - El CoCo
8305680190587	es					Muffins de espelta con arándanos													uliako labea	uliako-labea		Botanas, Snacks dulces, Galletas y pasteles, Pasteles, Muffins	en:snacks,en:sweet-snacks,en:biscuits-and-cakes,en:cakes,en:muffins			España	en:spain			0																							100g	100g			358	kcal	19	g	2.78	g	38.7	g	15.4	g			6.7	g	0.35	g	0.14	g	358	kcal																									en:biscuits-and-cakes	en:sugary-snacks,en:biscuits-and-cakes		unknown	c	6	unknown		1		-5	-15	1	0		App - yuka, Apps
5600499520369	fr							Muffin cacahuète crunchy											Prozis	prozis		Snacks, Snacks sucrés, Biscuits et gâteaux, Gâteaux, Muffins	en:snacks,en:sweet-snacks,en:biscuits-and-cakes,en:cakes,en:muffins			France, Espagne	en:france,en:spain			0																							100g	100g			286	kcal	14	g	2.7	g	39	g	3.9	g	3.8	g	6.6	g	0.9	g	0.36	g	286	kcal																									en:biscuits-and-cakes	en:sugary-snacks,en:biscuits-and-cakes		unknown	b	0	unknown		1		-5	-15	1	0		App - yuka, Apps, App - El CoCo
8410087293059	es					Muffins cereales y semillas													Dulcesol	dulcesol		Botanas, Snacks dulces, Galletas y pasteles, Pasteles, Muffins	en:snacks,en:sweet-snacks,en:biscuits-and-cakes,en:cakes,en:muffins			España	en:spain			0																							100g	100g			482	kcal	26	g	4.5	g	50	g	26	g			9.7	g	0.85	g	0.34	g	482	kcal																									en:biscuits-and-cakes	en:sugary-snacks,en:biscuits-and-cakes		unknown	d	18	unknown		1		-5	-15	1	0		App - elcoco, Apps, App - yuka, App - El CoCo
